"ID";"Lagerort";"x_Koordinate";"y_Koordinate";"z_Koordinate"; 
"1";"(1, 1, 1, 'l')";"150";"400";"2075"; 
"2";"(1, 1, 2, 'l')";"550";"400";"2075"; 
"3";"(1, 1, 3, 'l')";"950";"400";"2075"; 
"4";"(1, 1, 4, 'l')";"1350";"400";"2075"; 
"5";"(1, 1, 5, 'l')";"1750";"400";"2075"; 
"6";"(1, 1, 6, 'l')";"2150";"400";"2075"; 
"7";"(1, 1, 7, 'l')";"2550";"400";"2075"; 
"8";"(1, 1, 8, 'l')";"2950";"400";"2075"; 
"9";"(1, 1, 9, 'l')";"3350";"400";"2075"; 
"10";"(1, 1, 10, 'l')";"3750";"400";"2075"; 
"11";"(1, 1, 11, 'l')";"4150";"400";"2075"; 
"12";"(1, 1, 12, 'l')";"4550";"400";"2075"; 
"13";"(1, 1, 13, 'l')";"4950";"400";"2075"; 
"14";"(1, 1, 14, 'l')";"5350";"400";"2075"; 
"15";"(1, 1, 15, 'l')";"5750";"400";"2075"; 
"16";"(1, 1, 16, 'l')";"6150";"400";"2075"; 
"17";"(1, 1, 17, 'l')";"6550";"400";"2075"; 
"18";"(1, 1, 18, 'l')";"6950";"400";"2075"; 
"19";"(1, 1, 19, 'l')";"7350";"400";"2075"; 
"20";"(1, 1, 20, 'l')";"7750";"400";"2075"; 
"21";"(1, 1, 1, 'r')";"150";"1400";"2075"; 
"22";"(1, 1, 2, 'r')";"550";"1400";"2075"; 
"23";"(1, 1, 3, 'r')";"950";"1400";"2075"; 
"24";"(1, 1, 4, 'r')";"1350";"1400";"2075"; 
"25";"(1, 1, 5, 'r')";"1750";"1400";"2075"; 
"26";"(1, 1, 6, 'r')";"2150";"1400";"2075"; 
"27";"(1, 1, 7, 'r')";"2550";"1400";"2075"; 
"28";"(1, 1, 8, 'r')";"2950";"1400";"2075"; 
"29";"(1, 1, 9, 'r')";"3350";"1400";"2075"; 
"30";"(1, 1, 10, 'r')";"3750";"1400";"2075"; 
"31";"(1, 1, 11, 'r')";"4150";"1400";"2075"; 
"32";"(1, 1, 12, 'r')";"4550";"1400";"2075"; 
"33";"(1, 1, 13, 'r')";"4950";"1400";"2075"; 
"34";"(1, 1, 14, 'r')";"5350";"1400";"2075"; 
"35";"(1, 1, 15, 'r')";"5750";"1400";"2075"; 
"36";"(1, 1, 16, 'r')";"6150";"1400";"2075"; 
"37";"(1, 1, 17, 'r')";"6550";"1400";"2075"; 
"38";"(1, 1, 18, 'r')";"6950";"1400";"2075"; 
"39";"(1, 1, 19, 'r')";"7350";"1400";"2075"; 
"40";"(1, 1, 20, 'r')";"7750";"1400";"2075"; 
"41";"0";"150";"2300";"2075"; 
"42";"0";"550";"2300";"2075"; 
"43";"0";"950";"2300";"2075"; 
"44";"0";"1350";"2300";"2075"; 
"45";"0";"1750";"2300";"2075"; 
"46";"0";"2150";"2300";"2075"; 
"47";"0";"2550";"2300";"2075"; 
"48";"0";"2950";"2300";"2075"; 
"49";"0";"3350";"2300";"2075"; 
"50";"0";"3750";"2300";"2075"; 
"51";"0";"4150";"2300";"2075"; 
"52";"0";"4550";"2300";"2075"; 
"53";"0";"4950";"2300";"2075"; 
"54";"0";"5350";"2300";"2075"; 
"55";"0";"5750";"2300";"2075"; 
"56";"0";"6150";"2300";"2075"; 
"57";"0";"6550";"2300";"2075"; 
"58";"0";"6950";"2300";"2075"; 
"59";"0";"7350";"2300";"2075"; 
"60";"0";"7750";"2300";"2075"; 
"61";"0";"150";"3300";"2075"; 
"62";"0";"550";"3300";"2075"; 
"63";"0";"950";"3300";"2075"; 
"64";"0";"1350";"3300";"2075"; 
"65";"0";"1750";"3300";"2075"; 
"66";"0";"2150";"3300";"2075"; 
"67";"0";"2550";"3300";"2075"; 
"68";"0";"2950";"3300";"2075"; 
"69";"0";"3350";"3300";"2075"; 
"70";"0";"3750";"3300";"2075"; 
"71";"0";"4150";"3300";"2075"; 
"72";"0";"4550";"3300";"2075"; 
"73";"0";"4950";"3300";"2075"; 
"74";"0";"5350";"3300";"2075"; 
"75";"0";"5750";"3300";"2075"; 
"76";"0";"6150";"3300";"2075"; 
"77";"0";"6550";"3300";"2075"; 
"78";"0";"6950";"3300";"2075"; 
"79";"0";"7350";"3300";"2075"; 
"80";"0";"7750";"3300";"2075"; 
"81";"0";"150";"4200";"2075"; 
"82";"0";"550";"4200";"2075"; 
"83";"0";"950";"4200";"2075"; 
"84";"0";"1350";"4200";"2075"; 
"85";"0";"1750";"4200";"2075"; 
"86";"0";"2150";"4200";"2075"; 
"87";"0";"2550";"4200";"2075"; 
"88";"0";"2950";"4200";"2075"; 
"89";"0";"3350";"4200";"2075"; 
"90";"0";"3750";"4200";"2075"; 
"91";"0";"4150";"4200";"2075"; 
"92";"0";"4550";"4200";"2075"; 
"93";"0";"4950";"4200";"2075"; 
"94";"0";"5350";"4200";"2075"; 
"95";"0";"5750";"4200";"2075"; 
"96";"0";"6150";"4200";"2075"; 
"97";"0";"6550";"4200";"2075"; 
"98";"0";"6950";"4200";"2075"; 
"99";"0";"7350";"4200";"2075"; 
"100";"0";"7750";"4200";"2075"; 
"101";"0";"150";"5200";"2075"; 
"102";"0";"550";"5200";"2075"; 
"103";"0";"950";"5200";"2075"; 
"104";"0";"1350";"5200";"2075"; 
"105";"0";"1750";"5200";"2075"; 
"106";"0";"2150";"5200";"2075"; 
"107";"0";"2550";"5200";"2075"; 
"108";"0";"2950";"5200";"2075"; 
"109";"0";"3350";"5200";"2075"; 
"110";"0";"3750";"5200";"2075"; 
"111";"0";"4150";"5200";"2075"; 
"112";"0";"4550";"5200";"2075"; 
"113";"0";"4950";"5200";"2075"; 
"114";"0";"5350";"5200";"2075"; 
"115";"0";"5750";"5200";"2075"; 
"116";"0";"6150";"5200";"2075"; 
"117";"0";"6550";"5200";"2075"; 
"118";"0";"6950";"5200";"2075"; 
"119";"0";"7350";"5200";"2075"; 
"120";"0";"7750";"5200";"2075"; 
"121";"0";"150";"6100";"2075"; 
"122";"0";"550";"6100";"2075"; 
"123";"0";"950";"6100";"2075"; 
"124";"0";"1350";"6100";"2075"; 
"125";"0";"1750";"6100";"2075"; 
"126";"0";"2150";"6100";"2075"; 
"127";"0";"2550";"6100";"2075"; 
"128";"0";"2950";"6100";"2075"; 
"129";"0";"3350";"6100";"2075"; 
"130";"0";"3750";"6100";"2075"; 
"131";"0";"4150";"6100";"2075"; 
"132";"0";"4550";"6100";"2075"; 
"133";"0";"4950";"6100";"2075"; 
"134";"0";"5350";"6100";"2075"; 
"135";"0";"5750";"6100";"2075"; 
"136";"0";"6150";"6100";"2075"; 
"137";"0";"6550";"6100";"2075"; 
"138";"0";"6950";"6100";"2075"; 
"139";"0";"7350";"6100";"2075"; 
"140";"0";"7750";"6100";"2075"; 
"141";"0";"150";"7100";"2075"; 
"142";"0";"550";"7100";"2075"; 
"143";"0";"950";"7100";"2075"; 
"144";"0";"1350";"7100";"2075"; 
"145";"0";"1750";"7100";"2075"; 
"146";"0";"2150";"7100";"2075"; 
"147";"0";"2550";"7100";"2075"; 
"148";"0";"2950";"7100";"2075"; 
"149";"0";"3350";"7100";"2075"; 
"150";"0";"3750";"7100";"2075"; 
"151";"0";"4150";"7100";"2075"; 
"152";"0";"4550";"7100";"2075"; 
"153";"0";"4950";"7100";"2075"; 
"154";"0";"5350";"7100";"2075"; 
"155";"0";"5750";"7100";"2075"; 
"156";"0";"6150";"7100";"2075"; 
"157";"0";"6550";"7100";"2075"; 
"158";"0";"6950";"7100";"2075"; 
"159";"0";"7350";"7100";"2075"; 
"160";"0";"7750";"7100";"2075"; 
"161";"0";"150";"8000";"2075"; 
"162";"0";"550";"8000";"2075"; 
"163";"0";"950";"8000";"2075"; 
"164";"0";"1350";"8000";"2075"; 
"165";"0";"1750";"8000";"2075"; 
"166";"0";"2150";"8000";"2075"; 
"167";"0";"2550";"8000";"2075"; 
"168";"0";"2950";"8000";"2075"; 
"169";"0";"3350";"8000";"2075"; 
"170";"0";"3750";"8000";"2075"; 
"171";"0";"4150";"8000";"2075"; 
"172";"0";"4550";"8000";"2075"; 
"173";"0";"4950";"8000";"2075"; 
"174";"0";"5350";"8000";"2075"; 
"175";"0";"5750";"8000";"2075"; 
"176";"0";"6150";"8000";"2075"; 
"177";"0";"6550";"8000";"2075"; 
"178";"0";"6950";"8000";"2075"; 
"179";"0";"7350";"8000";"2075"; 
"180";"0";"7750";"8000";"2075"; 
"181";"0";"150";"9000";"2075"; 
"182";"0";"550";"9000";"2075"; 
"183";"0";"950";"9000";"2075"; 
"184";"0";"1350";"9000";"2075"; 
"185";"0";"1750";"9000";"2075"; 
"186";"0";"2150";"9000";"2075"; 
"187";"0";"2550";"9000";"2075"; 
"188";"0";"2950";"9000";"2075"; 
"189";"0";"3350";"9000";"2075"; 
"190";"0";"3750";"9000";"2075"; 
"191";"0";"4150";"9000";"2075"; 
"192";"0";"4550";"9000";"2075"; 
"193";"0";"4950";"9000";"2075"; 
"194";"0";"5350";"9000";"2075"; 
"195";"0";"5750";"9000";"2075"; 
"196";"0";"6150";"9000";"2075"; 
"197";"0";"6550";"9000";"2075"; 
"198";"0";"6950";"9000";"2075"; 
"199";"0";"7350";"9000";"2075"; 
"200";"0";"7750";"9000";"2075"; 
"201";"0";"150";"400";"2325"; 
"202";"0";"550";"400";"2325"; 
"203";"0";"950";"400";"2325"; 
"204";"0";"1350";"400";"2325"; 
"205";"0";"1750";"400";"2325"; 
"206";"0";"2150";"400";"2325"; 
"207";"0";"2550";"400";"2325"; 
"208";"0";"2950";"400";"2325"; 
"209";"0";"3350";"400";"2325"; 
"210";"0";"3750";"400";"2325"; 
"211";"0";"4150";"400";"2325"; 
"212";"0";"4550";"400";"2325"; 
"213";"0";"4950";"400";"2325"; 
"214";"0";"5350";"400";"2325"; 
"215";"0";"5750";"400";"2325"; 
"216";"0";"6150";"400";"2325"; 
"217";"0";"6550";"400";"2325"; 
"218";"0";"6950";"400";"2325"; 
"219";"0";"7350";"400";"2325"; 
"220";"0";"7750";"400";"2325"; 
"221";"0";"150";"1400";"2325"; 
"222";"0";"550";"1400";"2325"; 
"223";"0";"950";"1400";"2325"; 
"224";"0";"1350";"1400";"2325"; 
"225";"0";"1750";"1400";"2325"; 
"226";"0";"2150";"1400";"2325"; 
"227";"0";"2550";"1400";"2325"; 
"228";"0";"2950";"1400";"2325"; 
"229";"0";"3350";"1400";"2325"; 
"230";"0";"3750";"1400";"2325"; 
"231";"0";"4150";"1400";"2325"; 
"232";"0";"4550";"1400";"2325"; 
"233";"0";"4950";"1400";"2325"; 
"234";"0";"5350";"1400";"2325"; 
"235";"0";"5750";"1400";"2325"; 
"236";"0";"6150";"1400";"2325"; 
"237";"0";"6550";"1400";"2325"; 
"238";"0";"6950";"1400";"2325"; 
"239";"0";"7350";"1400";"2325"; 
"240";"0";"7750";"1400";"2325"; 
"241";"0";"150";"2300";"2325"; 
"242";"0";"550";"2300";"2325"; 
"243";"0";"950";"2300";"2325"; 
"244";"0";"1350";"2300";"2325"; 
"245";"0";"1750";"2300";"2325"; 
"246";"0";"2150";"2300";"2325"; 
"247";"0";"2550";"2300";"2325"; 
"248";"0";"2950";"2300";"2325"; 
"249";"0";"3350";"2300";"2325"; 
"250";"0";"3750";"2300";"2325"; 
"251";"0";"4150";"2300";"2325"; 
"252";"0";"4550";"2300";"2325"; 
"253";"0";"4950";"2300";"2325"; 
"254";"0";"5350";"2300";"2325"; 
"255";"0";"5750";"2300";"2325"; 
"256";"0";"6150";"2300";"2325"; 
"257";"0";"6550";"2300";"2325"; 
"258";"0";"6950";"2300";"2325"; 
"259";"0";"7350";"2300";"2325"; 
"260";"0";"7750";"2300";"2325"; 
"261";"0";"150";"3300";"2325"; 
"262";"0";"550";"3300";"2325"; 
"263";"0";"950";"3300";"2325"; 
"264";"0";"1350";"3300";"2325"; 
"265";"0";"1750";"3300";"2325"; 
"266";"0";"2150";"3300";"2325"; 
"267";"0";"2550";"3300";"2325"; 
"268";"0";"2950";"3300";"2325"; 
"269";"0";"3350";"3300";"2325"; 
"270";"0";"3750";"3300";"2325"; 
"271";"0";"4150";"3300";"2325"; 
"272";"0";"4550";"3300";"2325"; 
"273";"0";"4950";"3300";"2325"; 
"274";"0";"5350";"3300";"2325"; 
"275";"0";"5750";"3300";"2325"; 
"276";"0";"6150";"3300";"2325"; 
"277";"0";"6550";"3300";"2325"; 
"278";"0";"6950";"3300";"2325"; 
"279";"0";"7350";"3300";"2325"; 
"280";"0";"7750";"3300";"2325"; 
"281";"0";"150";"4200";"2325"; 
"282";"0";"550";"4200";"2325"; 
"283";"0";"950";"4200";"2325"; 
"284";"0";"1350";"4200";"2325"; 
"285";"0";"1750";"4200";"2325"; 
"286";"0";"2150";"4200";"2325"; 
"287";"0";"2550";"4200";"2325"; 
"288";"0";"2950";"4200";"2325"; 
"289";"0";"3350";"4200";"2325"; 
"290";"0";"3750";"4200";"2325"; 
"291";"0";"4150";"4200";"2325"; 
"292";"0";"4550";"4200";"2325"; 
"293";"0";"4950";"4200";"2325"; 
"294";"0";"5350";"4200";"2325"; 
"295";"0";"5750";"4200";"2325"; 
"296";"0";"6150";"4200";"2325"; 
"297";"0";"6550";"4200";"2325"; 
"298";"0";"6950";"4200";"2325"; 
"299";"0";"7350";"4200";"2325"; 
"300";"0";"7750";"4200";"2325"; 
"301";"0";"150";"5200";"2325"; 
"302";"0";"550";"5200";"2325"; 
"303";"0";"950";"5200";"2325"; 
"304";"0";"1350";"5200";"2325"; 
"305";"0";"1750";"5200";"2325"; 
"306";"0";"2150";"5200";"2325"; 
"307";"0";"2550";"5200";"2325"; 
"308";"0";"2950";"5200";"2325"; 
"309";"0";"3350";"5200";"2325"; 
"310";"0";"3750";"5200";"2325"; 
"311";"0";"4150";"5200";"2325"; 
"312";"0";"4550";"5200";"2325"; 
"313";"0";"4950";"5200";"2325"; 
"314";"0";"5350";"5200";"2325"; 
"315";"0";"5750";"5200";"2325"; 
"316";"0";"6150";"5200";"2325"; 
"317";"0";"6550";"5200";"2325"; 
"318";"0";"6950";"5200";"2325"; 
"319";"0";"7350";"5200";"2325"; 
"320";"0";"7750";"5200";"2325"; 
"321";"0";"150";"6100";"2325"; 
"322";"0";"550";"6100";"2325"; 
"323";"0";"950";"6100";"2325"; 
"324";"0";"1350";"6100";"2325"; 
"325";"0";"1750";"6100";"2325"; 
"326";"0";"2150";"6100";"2325"; 
"327";"0";"2550";"6100";"2325"; 
"328";"0";"2950";"6100";"2325"; 
"329";"0";"3350";"6100";"2325"; 
"330";"0";"3750";"6100";"2325"; 
"331";"0";"4150";"6100";"2325"; 
"332";"0";"4550";"6100";"2325"; 
"333";"0";"4950";"6100";"2325"; 
"334";"0";"5350";"6100";"2325"; 
"335";"0";"5750";"6100";"2325"; 
"336";"0";"6150";"6100";"2325"; 
"337";"0";"6550";"6100";"2325"; 
"338";"0";"6950";"6100";"2325"; 
"339";"0";"7350";"6100";"2325"; 
"340";"0";"7750";"6100";"2325"; 
"341";"0";"150";"7100";"2325"; 
"342";"0";"550";"7100";"2325"; 
"343";"0";"950";"7100";"2325"; 
"344";"0";"1350";"7100";"2325"; 
"345";"0";"1750";"7100";"2325"; 
"346";"0";"2150";"7100";"2325"; 
"347";"0";"2550";"7100";"2325"; 
"348";"0";"2950";"7100";"2325"; 
"349";"0";"3350";"7100";"2325"; 
"350";"0";"3750";"7100";"2325"; 
"351";"0";"4150";"7100";"2325"; 
"352";"0";"4550";"7100";"2325"; 
"353";"0";"4950";"7100";"2325"; 
"354";"0";"5350";"7100";"2325"; 
"355";"0";"5750";"7100";"2325"; 
"356";"0";"6150";"7100";"2325"; 
"357";"0";"6550";"7100";"2325"; 
"358";"0";"6950";"7100";"2325"; 
"359";"0";"7350";"7100";"2325"; 
"360";"0";"7750";"7100";"2325"; 
"361";"0";"150";"8000";"2325"; 
"362";"0";"550";"8000";"2325"; 
"363";"0";"950";"8000";"2325"; 
"364";"0";"1350";"8000";"2325"; 
"365";"0";"1750";"8000";"2325"; 
"366";"0";"2150";"8000";"2325"; 
"367";"0";"2550";"8000";"2325"; 
"368";"0";"2950";"8000";"2325"; 
"369";"0";"3350";"8000";"2325"; 
"370";"0";"3750";"8000";"2325"; 
"371";"0";"4150";"8000";"2325"; 
"372";"0";"4550";"8000";"2325"; 
"373";"0";"4950";"8000";"2325"; 
"374";"0";"5350";"8000";"2325"; 
"375";"0";"5750";"8000";"2325"; 
"376";"0";"6150";"8000";"2325"; 
"377";"0";"6550";"8000";"2325"; 
"378";"0";"6950";"8000";"2325"; 
"379";"0";"7350";"8000";"2325"; 
"380";"0";"7750";"8000";"2325"; 
"381";"0";"150";"9000";"2325"; 
"382";"0";"550";"9000";"2325"; 
"383";"0";"950";"9000";"2325"; 
"384";"0";"1350";"9000";"2325"; 
"385";"0";"1750";"9000";"2325"; 
"386";"0";"2150";"9000";"2325"; 
"387";"0";"2550";"9000";"2325"; 
"388";"0";"2950";"9000";"2325"; 
"389";"0";"3350";"9000";"2325"; 
"390";"0";"3750";"9000";"2325"; 
"391";"0";"4150";"9000";"2325"; 
"392";"0";"4550";"9000";"2325"; 
"393";"0";"4950";"9000";"2325"; 
"394";"0";"5350";"9000";"2325"; 
"395";"0";"5750";"9000";"2325"; 
"396";"0";"6150";"9000";"2325"; 
"397";"0";"6550";"9000";"2325"; 
"398";"0";"6950";"9000";"2325"; 
"399";"0";"7350";"9000";"2325"; 
"400";"0";"7750";"9000";"2325"; 
"401";"0";"150";"400";"2575"; 
"402";"0";"550";"400";"2575"; 
"403";"0";"950";"400";"2575"; 
"404";"0";"1350";"400";"2575"; 
"405";"0";"1750";"400";"2575"; 
"406";"0";"2150";"400";"2575"; 
"407";"0";"2550";"400";"2575"; 
"408";"0";"2950";"400";"2575"; 
"409";"0";"3350";"400";"2575"; 
"410";"0";"3750";"400";"2575"; 
"411";"0";"4150";"400";"2575"; 
"412";"0";"4550";"400";"2575"; 
"413";"0";"4950";"400";"2575"; 
"414";"0";"5350";"400";"2575"; 
"415";"0";"5750";"400";"2575"; 
"416";"0";"6150";"400";"2575"; 
"417";"0";"6550";"400";"2575"; 
"418";"0";"6950";"400";"2575"; 
"419";"0";"7350";"400";"2575"; 
"420";"0";"7750";"400";"2575"; 
"421";"0";"150";"1400";"2575"; 
"422";"0";"550";"1400";"2575"; 
"423";"0";"950";"1400";"2575"; 
"424";"0";"1350";"1400";"2575"; 
"425";"0";"1750";"1400";"2575"; 
"426";"0";"2150";"1400";"2575"; 
"427";"0";"2550";"1400";"2575"; 
"428";"0";"2950";"1400";"2575"; 
"429";"0";"3350";"1400";"2575"; 
"430";"0";"3750";"1400";"2575"; 
"431";"0";"4150";"1400";"2575"; 
"432";"0";"4550";"1400";"2575"; 
"433";"0";"4950";"1400";"2575"; 
"434";"0";"5350";"1400";"2575"; 
"435";"0";"5750";"1400";"2575"; 
"436";"0";"6150";"1400";"2575"; 
"437";"0";"6550";"1400";"2575"; 
"438";"0";"6950";"1400";"2575"; 
"439";"0";"7350";"1400";"2575"; 
"440";"0";"7750";"1400";"2575"; 
"441";"0";"150";"2300";"2575"; 
"442";"0";"550";"2300";"2575"; 
"443";"0";"950";"2300";"2575"; 
"444";"0";"1350";"2300";"2575"; 
"445";"0";"1750";"2300";"2575"; 
"446";"0";"2150";"2300";"2575"; 
"447";"0";"2550";"2300";"2575"; 
"448";"0";"2950";"2300";"2575"; 
"449";"0";"3350";"2300";"2575"; 
"450";"0";"3750";"2300";"2575"; 
"451";"0";"4150";"2300";"2575"; 
"452";"0";"4550";"2300";"2575"; 
"453";"0";"4950";"2300";"2575"; 
"454";"0";"5350";"2300";"2575"; 
"455";"0";"5750";"2300";"2575"; 
"456";"0";"6150";"2300";"2575"; 
"457";"0";"6550";"2300";"2575"; 
"458";"0";"6950";"2300";"2575"; 
"459";"0";"7350";"2300";"2575"; 
"460";"0";"7750";"2300";"2575"; 
"461";"0";"150";"3300";"2575"; 
"462";"0";"550";"3300";"2575"; 
"463";"0";"950";"3300";"2575"; 
"464";"0";"1350";"3300";"2575"; 
"465";"0";"1750";"3300";"2575"; 
"466";"0";"2150";"3300";"2575"; 
"467";"0";"2550";"3300";"2575"; 
"468";"0";"2950";"3300";"2575"; 
"469";"0";"3350";"3300";"2575"; 
"470";"0";"3750";"3300";"2575"; 
"471";"0";"4150";"3300";"2575"; 
"472";"0";"4550";"3300";"2575"; 
"473";"0";"4950";"3300";"2575"; 
"474";"0";"5350";"3300";"2575"; 
"475";"0";"5750";"3300";"2575"; 
"476";"0";"6150";"3300";"2575"; 
"477";"0";"6550";"3300";"2575"; 
"478";"0";"6950";"3300";"2575"; 
"479";"0";"7350";"3300";"2575"; 
"480";"0";"7750";"3300";"2575"; 
"481";"0";"150";"4200";"2575"; 
"482";"0";"550";"4200";"2575"; 
"483";"0";"950";"4200";"2575"; 
"484";"0";"1350";"4200";"2575"; 
"485";"0";"1750";"4200";"2575"; 
"486";"0";"2150";"4200";"2575"; 
"487";"0";"2550";"4200";"2575"; 
"488";"0";"2950";"4200";"2575"; 
"489";"0";"3350";"4200";"2575"; 
"490";"0";"3750";"4200";"2575"; 
"491";"0";"4150";"4200";"2575"; 
"492";"0";"4550";"4200";"2575"; 
"493";"0";"4950";"4200";"2575"; 
"494";"0";"5350";"4200";"2575"; 
"495";"0";"5750";"4200";"2575"; 
"496";"0";"6150";"4200";"2575"; 
"497";"0";"6550";"4200";"2575"; 
"498";"0";"6950";"4200";"2575"; 
"499";"0";"7350";"4200";"2575"; 
"500";"0";"7750";"4200";"2575"; 
"501";"0";"150";"5200";"2575"; 
"502";"0";"550";"5200";"2575"; 
"503";"0";"950";"5200";"2575"; 
"504";"0";"1350";"5200";"2575"; 
"505";"0";"1750";"5200";"2575"; 
"506";"0";"2150";"5200";"2575"; 
"507";"0";"2550";"5200";"2575"; 
"508";"0";"2950";"5200";"2575"; 
"509";"0";"3350";"5200";"2575"; 
"510";"0";"3750";"5200";"2575"; 
"511";"0";"4150";"5200";"2575"; 
"512";"0";"4550";"5200";"2575"; 
"513";"0";"4950";"5200";"2575"; 
"514";"0";"5350";"5200";"2575"; 
"515";"0";"5750";"5200";"2575"; 
"516";"0";"6150";"5200";"2575"; 
"517";"0";"6550";"5200";"2575"; 
"518";"0";"6950";"5200";"2575"; 
"519";"0";"7350";"5200";"2575"; 
"520";"0";"7750";"5200";"2575"; 
"521";"0";"150";"6100";"2575"; 
"522";"0";"550";"6100";"2575"; 
"523";"0";"950";"6100";"2575"; 
"524";"0";"1350";"6100";"2575"; 
"525";"0";"1750";"6100";"2575"; 
"526";"0";"2150";"6100";"2575"; 
"527";"0";"2550";"6100";"2575"; 
"528";"0";"2950";"6100";"2575"; 
"529";"0";"3350";"6100";"2575"; 
"530";"0";"3750";"6100";"2575"; 
"531";"0";"4150";"6100";"2575"; 
"532";"0";"4550";"6100";"2575"; 
"533";"0";"4950";"6100";"2575"; 
"534";"0";"5350";"6100";"2575"; 
"535";"0";"5750";"6100";"2575"; 
"536";"0";"6150";"6100";"2575"; 
"537";"0";"6550";"6100";"2575"; 
"538";"0";"6950";"6100";"2575"; 
"539";"0";"7350";"6100";"2575"; 
"540";"0";"7750";"6100";"2575"; 
"541";"0";"150";"7100";"2575"; 
"542";"0";"550";"7100";"2575"; 
"543";"0";"950";"7100";"2575"; 
"544";"0";"1350";"7100";"2575"; 
"545";"0";"1750";"7100";"2575"; 
"546";"0";"2150";"7100";"2575"; 
"547";"0";"2550";"7100";"2575"; 
"548";"0";"2950";"7100";"2575"; 
"549";"0";"3350";"7100";"2575"; 
"550";"0";"3750";"7100";"2575"; 
"551";"0";"4150";"7100";"2575"; 
"552";"0";"4550";"7100";"2575"; 
"553";"0";"4950";"7100";"2575"; 
"554";"0";"5350";"7100";"2575"; 
"555";"0";"5750";"7100";"2575"; 
"556";"0";"6150";"7100";"2575"; 
"557";"0";"6550";"7100";"2575"; 
"558";"0";"6950";"7100";"2575"; 
"559";"0";"7350";"7100";"2575"; 
"560";"0";"7750";"7100";"2575"; 
"561";"0";"150";"8000";"2575"; 
"562";"0";"550";"8000";"2575"; 
"563";"0";"950";"8000";"2575"; 
"564";"0";"1350";"8000";"2575"; 
"565";"0";"1750";"8000";"2575"; 
"566";"0";"2150";"8000";"2575"; 
"567";"0";"2550";"8000";"2575"; 
"568";"0";"2950";"8000";"2575"; 
"569";"0";"3350";"8000";"2575"; 
"570";"0";"3750";"8000";"2575"; 
"571";"0";"4150";"8000";"2575"; 
"572";"0";"4550";"8000";"2575"; 
"573";"0";"4950";"8000";"2575"; 
"574";"0";"5350";"8000";"2575"; 
"575";"0";"5750";"8000";"2575"; 
"576";"0";"6150";"8000";"2575"; 
"577";"0";"6550";"8000";"2575"; 
"578";"0";"6950";"8000";"2575"; 
"579";"0";"7350";"8000";"2575"; 
"580";"0";"7750";"8000";"2575"; 
"581";"0";"150";"9000";"2575"; 
"582";"0";"550";"9000";"2575"; 
"583";"0";"950";"9000";"2575"; 
"584";"0";"1350";"9000";"2575"; 
"585";"0";"1750";"9000";"2575"; 
"586";"0";"2150";"9000";"2575"; 
"587";"0";"2550";"9000";"2575"; 
"588";"0";"2950";"9000";"2575"; 
"589";"0";"3350";"9000";"2575"; 
"590";"0";"3750";"9000";"2575"; 
"591";"0";"4150";"9000";"2575"; 
"592";"0";"4550";"9000";"2575"; 
"593";"0";"4950";"9000";"2575"; 
"594";"0";"5350";"9000";"2575"; 
"595";"0";"5750";"9000";"2575"; 
"596";"0";"6150";"9000";"2575"; 
"597";"0";"6550";"9000";"2575"; 
"598";"0";"6950";"9000";"2575"; 
"599";"0";"7350";"9000";"2575"; 
"600";"0";"7750";"9000";"2575"; 
"601";"0";"150";"400";"2825"; 
"602";"0";"550";"400";"2825"; 
"603";"0";"950";"400";"2825"; 
"604";"0";"1350";"400";"2825"; 
"605";"0";"1750";"400";"2825"; 
"606";"0";"2150";"400";"2825"; 
"607";"0";"2550";"400";"2825"; 
"608";"0";"2950";"400";"2825"; 
"609";"0";"3350";"400";"2825"; 
"610";"0";"3750";"400";"2825"; 
"611";"0";"4150";"400";"2825"; 
"612";"0";"4550";"400";"2825"; 
"613";"0";"4950";"400";"2825"; 
"614";"0";"5350";"400";"2825"; 
"615";"0";"5750";"400";"2825"; 
"616";"0";"6150";"400";"2825"; 
"617";"0";"6550";"400";"2825"; 
"618";"0";"6950";"400";"2825"; 
"619";"0";"7350";"400";"2825"; 
"620";"0";"7750";"400";"2825"; 
"621";"0";"150";"1400";"2825"; 
"622";"0";"550";"1400";"2825"; 
"623";"0";"950";"1400";"2825"; 
"624";"0";"1350";"1400";"2825"; 
"625";"0";"1750";"1400";"2825"; 
"626";"0";"2150";"1400";"2825"; 
"627";"0";"2550";"1400";"2825"; 
"628";"0";"2950";"1400";"2825"; 
"629";"0";"3350";"1400";"2825"; 
"630";"0";"3750";"1400";"2825"; 
"631";"0";"4150";"1400";"2825"; 
"632";"0";"4550";"1400";"2825"; 
"633";"0";"4950";"1400";"2825"; 
"634";"0";"5350";"1400";"2825"; 
"635";"0";"5750";"1400";"2825"; 
"636";"0";"6150";"1400";"2825"; 
"637";"0";"6550";"1400";"2825"; 
"638";"0";"6950";"1400";"2825"; 
"639";"0";"7350";"1400";"2825"; 
"640";"0";"7750";"1400";"2825"; 
"641";"0";"150";"2300";"2825"; 
"642";"0";"550";"2300";"2825"; 
"643";"0";"950";"2300";"2825"; 
"644";"0";"1350";"2300";"2825"; 
"645";"0";"1750";"2300";"2825"; 
"646";"0";"2150";"2300";"2825"; 
"647";"0";"2550";"2300";"2825"; 
"648";"0";"2950";"2300";"2825"; 
"649";"0";"3350";"2300";"2825"; 
"650";"0";"3750";"2300";"2825"; 
"651";"0";"4150";"2300";"2825"; 
"652";"0";"4550";"2300";"2825"; 
"653";"0";"4950";"2300";"2825"; 
"654";"0";"5350";"2300";"2825"; 
"655";"0";"5750";"2300";"2825"; 
"656";"0";"6150";"2300";"2825"; 
"657";"0";"6550";"2300";"2825"; 
"658";"0";"6950";"2300";"2825"; 
"659";"0";"7350";"2300";"2825"; 
"660";"0";"7750";"2300";"2825"; 
"661";"0";"150";"3300";"2825"; 
"662";"0";"550";"3300";"2825"; 
"663";"0";"950";"3300";"2825"; 
"664";"0";"1350";"3300";"2825"; 
"665";"0";"1750";"3300";"2825"; 
"666";"0";"2150";"3300";"2825"; 
"667";"0";"2550";"3300";"2825"; 
"668";"0";"2950";"3300";"2825"; 
"669";"0";"3350";"3300";"2825"; 
"670";"0";"3750";"3300";"2825"; 
"671";"0";"4150";"3300";"2825"; 
"672";"0";"4550";"3300";"2825"; 
"673";"0";"4950";"3300";"2825"; 
"674";"0";"5350";"3300";"2825"; 
"675";"0";"5750";"3300";"2825"; 
"676";"0";"6150";"3300";"2825"; 
"677";"0";"6550";"3300";"2825"; 
"678";"0";"6950";"3300";"2825"; 
"679";"0";"7350";"3300";"2825"; 
"680";"0";"7750";"3300";"2825"; 
"681";"0";"150";"4200";"2825"; 
"682";"0";"550";"4200";"2825"; 
"683";"0";"950";"4200";"2825"; 
"684";"0";"1350";"4200";"2825"; 
"685";"0";"1750";"4200";"2825"; 
"686";"0";"2150";"4200";"2825"; 
"687";"0";"2550";"4200";"2825"; 
"688";"0";"2950";"4200";"2825"; 
"689";"0";"3350";"4200";"2825"; 
"690";"0";"3750";"4200";"2825"; 
"691";"0";"4150";"4200";"2825"; 
"692";"0";"4550";"4200";"2825"; 
"693";"0";"4950";"4200";"2825"; 
"694";"0";"5350";"4200";"2825"; 
"695";"0";"5750";"4200";"2825"; 
"696";"0";"6150";"4200";"2825"; 
"697";"0";"6550";"4200";"2825"; 
"698";"0";"6950";"4200";"2825"; 
"699";"0";"7350";"4200";"2825"; 
"700";"0";"7750";"4200";"2825"; 
"701";"0";"150";"5200";"2825"; 
"702";"0";"550";"5200";"2825"; 
"703";"0";"950";"5200";"2825"; 
"704";"0";"1350";"5200";"2825"; 
"705";"0";"1750";"5200";"2825"; 
"706";"0";"2150";"5200";"2825"; 
"707";"0";"2550";"5200";"2825"; 
"708";"0";"2950";"5200";"2825"; 
"709";"0";"3350";"5200";"2825"; 
"710";"0";"3750";"5200";"2825"; 
"711";"0";"4150";"5200";"2825"; 
"712";"0";"4550";"5200";"2825"; 
"713";"0";"4950";"5200";"2825"; 
"714";"0";"5350";"5200";"2825"; 
"715";"0";"5750";"5200";"2825"; 
"716";"0";"6150";"5200";"2825"; 
"717";"0";"6550";"5200";"2825"; 
"718";"0";"6950";"5200";"2825"; 
"719";"0";"7350";"5200";"2825"; 
"720";"0";"7750";"5200";"2825"; 
"721";"0";"150";"6100";"2825"; 
"722";"0";"550";"6100";"2825"; 
"723";"0";"950";"6100";"2825"; 
"724";"0";"1350";"6100";"2825"; 
"725";"0";"1750";"6100";"2825"; 
"726";"0";"2150";"6100";"2825"; 
"727";"0";"2550";"6100";"2825"; 
"728";"0";"2950";"6100";"2825"; 
"729";"0";"3350";"6100";"2825"; 
"730";"0";"3750";"6100";"2825"; 
"731";"0";"4150";"6100";"2825"; 
"732";"0";"4550";"6100";"2825"; 
"733";"0";"4950";"6100";"2825"; 
"734";"0";"5350";"6100";"2825"; 
"735";"0";"5750";"6100";"2825"; 
"736";"0";"6150";"6100";"2825"; 
"737";"0";"6550";"6100";"2825"; 
"738";"0";"6950";"6100";"2825"; 
"739";"0";"7350";"6100";"2825"; 
"740";"0";"7750";"6100";"2825"; 
"741";"0";"150";"7100";"2825"; 
"742";"0";"550";"7100";"2825"; 
"743";"0";"950";"7100";"2825"; 
"744";"0";"1350";"7100";"2825"; 
"745";"0";"1750";"7100";"2825"; 
"746";"0";"2150";"7100";"2825"; 
"747";"0";"2550";"7100";"2825"; 
"748";"0";"2950";"7100";"2825"; 
"749";"0";"3350";"7100";"2825"; 
"750";"0";"3750";"7100";"2825"; 
"751";"0";"4150";"7100";"2825"; 
"752";"0";"4550";"7100";"2825"; 
"753";"0";"4950";"7100";"2825"; 
"754";"0";"5350";"7100";"2825"; 
"755";"0";"5750";"7100";"2825"; 
"756";"0";"6150";"7100";"2825"; 
"757";"0";"6550";"7100";"2825"; 
"758";"0";"6950";"7100";"2825"; 
"759";"0";"7350";"7100";"2825"; 
"760";"0";"7750";"7100";"2825"; 
"761";"0";"150";"8000";"2825"; 
"762";"0";"550";"8000";"2825"; 
"763";"0";"950";"8000";"2825"; 
"764";"0";"1350";"8000";"2825"; 
"765";"0";"1750";"8000";"2825"; 
"766";"0";"2150";"8000";"2825"; 
"767";"0";"2550";"8000";"2825"; 
"768";"0";"2950";"8000";"2825"; 
"769";"0";"3350";"8000";"2825"; 
"770";"0";"3750";"8000";"2825"; 
"771";"0";"4150";"8000";"2825"; 
"772";"0";"4550";"8000";"2825"; 
"773";"0";"4950";"8000";"2825"; 
"774";"0";"5350";"8000";"2825"; 
"775";"0";"5750";"8000";"2825"; 
"776";"0";"6150";"8000";"2825"; 
"777";"0";"6550";"8000";"2825"; 
"778";"0";"6950";"8000";"2825"; 
"779";"0";"7350";"8000";"2825"; 
"780";"0";"7750";"8000";"2825"; 
"781";"0";"150";"9000";"2825"; 
"782";"0";"550";"9000";"2825"; 
"783";"0";"950";"9000";"2825"; 
"784";"0";"1350";"9000";"2825"; 
"785";"0";"1750";"9000";"2825"; 
"786";"0";"2150";"9000";"2825"; 
"787";"0";"2550";"9000";"2825"; 
"788";"0";"2950";"9000";"2825"; 
"789";"0";"3350";"9000";"2825"; 
"790";"0";"3750";"9000";"2825"; 
"791";"0";"4150";"9000";"2825"; 
"792";"0";"4550";"9000";"2825"; 
"793";"0";"4950";"9000";"2825"; 
"794";"0";"5350";"9000";"2825"; 
"795";"0";"5750";"9000";"2825"; 
"796";"0";"6150";"9000";"2825"; 
"797";"0";"6550";"9000";"2825"; 
"798";"0";"6950";"9000";"2825"; 
"799";"0";"7350";"9000";"2825"; 
"800";"0";"7750";"9000";"2825"; 
"801";"0";"150";"400";"3075"; 
"802";"0";"550";"400";"3075"; 
"803";"0";"950";"400";"3075"; 
"804";"0";"1350";"400";"3075"; 
"805";"0";"1750";"400";"3075"; 
"806";"0";"2150";"400";"3075"; 
"807";"0";"2550";"400";"3075"; 
"808";"0";"2950";"400";"3075"; 
"809";"0";"3350";"400";"3075"; 
"810";"0";"3750";"400";"3075"; 
"811";"0";"4150";"400";"3075"; 
"812";"0";"4550";"400";"3075"; 
"813";"0";"4950";"400";"3075"; 
"814";"0";"5350";"400";"3075"; 
"815";"0";"5750";"400";"3075"; 
"816";"0";"6150";"400";"3075"; 
"817";"0";"6550";"400";"3075"; 
"818";"0";"6950";"400";"3075"; 
"819";"0";"7350";"400";"3075"; 
"820";"0";"7750";"400";"3075"; 
"821";"0";"150";"1400";"3075"; 
"822";"0";"550";"1400";"3075"; 
"823";"0";"950";"1400";"3075"; 
"824";"0";"1350";"1400";"3075"; 
"825";"0";"1750";"1400";"3075"; 
"826";"0";"2150";"1400";"3075"; 
"827";"0";"2550";"1400";"3075"; 
"828";"0";"2950";"1400";"3075"; 
"829";"0";"3350";"1400";"3075"; 
"830";"0";"3750";"1400";"3075"; 
"831";"0";"4150";"1400";"3075"; 
"832";"0";"4550";"1400";"3075"; 
"833";"0";"4950";"1400";"3075"; 
"834";"0";"5350";"1400";"3075"; 
"835";"0";"5750";"1400";"3075"; 
"836";"0";"6150";"1400";"3075"; 
"837";"0";"6550";"1400";"3075"; 
"838";"0";"6950";"1400";"3075"; 
"839";"0";"7350";"1400";"3075"; 
"840";"0";"7750";"1400";"3075"; 
"841";"0";"150";"2300";"3075"; 
"842";"0";"550";"2300";"3075"; 
"843";"0";"950";"2300";"3075"; 
"844";"0";"1350";"2300";"3075"; 
"845";"0";"1750";"2300";"3075"; 
"846";"0";"2150";"2300";"3075"; 
"847";"0";"2550";"2300";"3075"; 
"848";"0";"2950";"2300";"3075"; 
"849";"0";"3350";"2300";"3075"; 
"850";"0";"3750";"2300";"3075"; 
"851";"0";"4150";"2300";"3075"; 
"852";"0";"4550";"2300";"3075"; 
"853";"0";"4950";"2300";"3075"; 
"854";"0";"5350";"2300";"3075"; 
"855";"0";"5750";"2300";"3075"; 
"856";"0";"6150";"2300";"3075"; 
"857";"0";"6550";"2300";"3075"; 
"858";"0";"6950";"2300";"3075"; 
"859";"0";"7350";"2300";"3075"; 
"860";"0";"7750";"2300";"3075"; 
"861";"0";"150";"3300";"3075"; 
"862";"0";"550";"3300";"3075"; 
"863";"0";"950";"3300";"3075"; 
"864";"0";"1350";"3300";"3075"; 
"865";"0";"1750";"3300";"3075"; 
"866";"0";"2150";"3300";"3075"; 
"867";"0";"2550";"3300";"3075"; 
"868";"0";"2950";"3300";"3075"; 
"869";"0";"3350";"3300";"3075"; 
"870";"0";"3750";"3300";"3075"; 
"871";"0";"4150";"3300";"3075"; 
"872";"0";"4550";"3300";"3075"; 
"873";"0";"4950";"3300";"3075"; 
"874";"0";"5350";"3300";"3075"; 
"875";"0";"5750";"3300";"3075"; 
"876";"0";"6150";"3300";"3075"; 
"877";"0";"6550";"3300";"3075"; 
"878";"0";"6950";"3300";"3075"; 
"879";"0";"7350";"3300";"3075"; 
"880";"0";"7750";"3300";"3075"; 
"881";"0";"150";"4200";"3075"; 
"882";"0";"550";"4200";"3075"; 
"883";"0";"950";"4200";"3075"; 
"884";"0";"1350";"4200";"3075"; 
"885";"0";"1750";"4200";"3075"; 
"886";"0";"2150";"4200";"3075"; 
"887";"0";"2550";"4200";"3075"; 
"888";"0";"2950";"4200";"3075"; 
"889";"0";"3350";"4200";"3075"; 
"890";"0";"3750";"4200";"3075"; 
"891";"0";"4150";"4200";"3075"; 
"892";"0";"4550";"4200";"3075"; 
"893";"0";"4950";"4200";"3075"; 
"894";"0";"5350";"4200";"3075"; 
"895";"0";"5750";"4200";"3075"; 
"896";"0";"6150";"4200";"3075"; 
"897";"0";"6550";"4200";"3075"; 
"898";"0";"6950";"4200";"3075"; 
"899";"0";"7350";"4200";"3075"; 
"900";"0";"7750";"4200";"3075"; 
"901";"0";"150";"5200";"3075"; 
"902";"0";"550";"5200";"3075"; 
"903";"0";"950";"5200";"3075"; 
"904";"0";"1350";"5200";"3075"; 
"905";"0";"1750";"5200";"3075"; 
"906";"0";"2150";"5200";"3075"; 
"907";"0";"2550";"5200";"3075"; 
"908";"0";"2950";"5200";"3075"; 
"909";"0";"3350";"5200";"3075"; 
"910";"0";"3750";"5200";"3075"; 
"911";"0";"4150";"5200";"3075"; 
"912";"0";"4550";"5200";"3075"; 
"913";"0";"4950";"5200";"3075"; 
"914";"0";"5350";"5200";"3075"; 
"915";"0";"5750";"5200";"3075"; 
"916";"0";"6150";"5200";"3075"; 
"917";"0";"6550";"5200";"3075"; 
"918";"0";"6950";"5200";"3075"; 
"919";"0";"7350";"5200";"3075"; 
"920";"0";"7750";"5200";"3075"; 
"921";"0";"150";"6100";"3075"; 
"922";"0";"550";"6100";"3075"; 
"923";"0";"950";"6100";"3075"; 
"924";"0";"1350";"6100";"3075"; 
"925";"0";"1750";"6100";"3075"; 
"926";"0";"2150";"6100";"3075"; 
"927";"0";"2550";"6100";"3075"; 
"928";"0";"2950";"6100";"3075"; 
"929";"0";"3350";"6100";"3075"; 
"930";"0";"3750";"6100";"3075"; 
"931";"0";"4150";"6100";"3075"; 
"932";"0";"4550";"6100";"3075"; 
"933";"0";"4950";"6100";"3075"; 
"934";"0";"5350";"6100";"3075"; 
"935";"0";"5750";"6100";"3075"; 
"936";"0";"6150";"6100";"3075"; 
"937";"0";"6550";"6100";"3075"; 
"938";"0";"6950";"6100";"3075"; 
"939";"0";"7350";"6100";"3075"; 
"940";"0";"7750";"6100";"3075"; 
"941";"0";"150";"7100";"3075"; 
"942";"0";"550";"7100";"3075"; 
"943";"0";"950";"7100";"3075"; 
"944";"0";"1350";"7100";"3075"; 
"945";"0";"1750";"7100";"3075"; 
"946";"0";"2150";"7100";"3075"; 
"947";"0";"2550";"7100";"3075"; 
"948";"0";"2950";"7100";"3075"; 
"949";"0";"3350";"7100";"3075"; 
"950";"0";"3750";"7100";"3075"; 
"951";"0";"4150";"7100";"3075"; 
"952";"0";"4550";"7100";"3075"; 
"953";"0";"4950";"7100";"3075"; 
"954";"0";"5350";"7100";"3075"; 
"955";"0";"5750";"7100";"3075"; 
"956";"0";"6150";"7100";"3075"; 
"957";"0";"6550";"7100";"3075"; 
"958";"0";"6950";"7100";"3075"; 
"959";"0";"7350";"7100";"3075"; 
"960";"0";"7750";"7100";"3075"; 
"961";"0";"150";"8000";"3075"; 
"962";"0";"550";"8000";"3075"; 
"963";"0";"950";"8000";"3075"; 
"964";"0";"1350";"8000";"3075"; 
"965";"0";"1750";"8000";"3075"; 
"966";"0";"2150";"8000";"3075"; 
"967";"0";"2550";"8000";"3075"; 
"968";"0";"2950";"8000";"3075"; 
"969";"0";"3350";"8000";"3075"; 
"970";"0";"3750";"8000";"3075"; 
"971";"0";"4150";"8000";"3075"; 
"972";"0";"4550";"8000";"3075"; 
"973";"0";"4950";"8000";"3075"; 
"974";"0";"5350";"8000";"3075"; 
"975";"0";"5750";"8000";"3075"; 
"976";"0";"6150";"8000";"3075"; 
"977";"0";"6550";"8000";"3075"; 
"978";"0";"6950";"8000";"3075"; 
"979";"0";"7350";"8000";"3075"; 
"980";"0";"7750";"8000";"3075"; 
"981";"0";"150";"9000";"3075"; 
"982";"0";"550";"9000";"3075"; 
"983";"0";"950";"9000";"3075"; 
"984";"0";"1350";"9000";"3075"; 
"985";"0";"1750";"9000";"3075"; 
"986";"0";"2150";"9000";"3075"; 
"987";"0";"2550";"9000";"3075"; 
"988";"0";"2950";"9000";"3075"; 
"989";"0";"3350";"9000";"3075"; 
"990";"0";"3750";"9000";"3075"; 
"991";"0";"4150";"9000";"3075"; 
"992";"0";"4550";"9000";"3075"; 
"993";"0";"4950";"9000";"3075"; 
"994";"0";"5350";"9000";"3075"; 
"995";"0";"5750";"9000";"3075"; 
"996";"0";"6150";"9000";"3075"; 
"997";"0";"6550";"9000";"3075"; 
"998";"0";"6950";"9000";"3075"; 
"999";"0";"7350";"9000";"3075"; 
"1000";"0";"7750";"9000";"3075"; 
"1001";"0";"150";"400";"3325"; 
"1002";"0";"550";"400";"3325"; 
"1003";"0";"950";"400";"3325"; 
"1004";"0";"1350";"400";"3325"; 
"1005";"0";"1750";"400";"3325"; 
"1006";"0";"2150";"400";"3325"; 
"1007";"0";"2550";"400";"3325"; 
"1008";"0";"2950";"400";"3325"; 
"1009";"0";"3350";"400";"3325"; 
"1010";"0";"3750";"400";"3325"; 
"1011";"0";"4150";"400";"3325"; 
"1012";"0";"4550";"400";"3325"; 
"1013";"0";"4950";"400";"3325"; 
"1014";"0";"5350";"400";"3325"; 
"1015";"0";"5750";"400";"3325"; 
"1016";"0";"6150";"400";"3325"; 
"1017";"0";"6550";"400";"3325"; 
"1018";"0";"6950";"400";"3325"; 
"1019";"0";"7350";"400";"3325"; 
"1020";"0";"7750";"400";"3325"; 
"1021";"0";"150";"1400";"3325"; 
"1022";"0";"550";"1400";"3325"; 
"1023";"0";"950";"1400";"3325"; 
"1024";"0";"1350";"1400";"3325"; 
"1025";"0";"1750";"1400";"3325"; 
"1026";"0";"2150";"1400";"3325"; 
"1027";"0";"2550";"1400";"3325"; 
"1028";"0";"2950";"1400";"3325"; 
"1029";"0";"3350";"1400";"3325"; 
"1030";"0";"3750";"1400";"3325"; 
"1031";"0";"4150";"1400";"3325"; 
"1032";"0";"4550";"1400";"3325"; 
"1033";"0";"4950";"1400";"3325"; 
"1034";"0";"5350";"1400";"3325"; 
"1035";"0";"5750";"1400";"3325"; 
"1036";"0";"6150";"1400";"3325"; 
"1037";"0";"6550";"1400";"3325"; 
"1038";"0";"6950";"1400";"3325"; 
"1039";"0";"7350";"1400";"3325"; 
"1040";"0";"7750";"1400";"3325"; 
"1041";"0";"150";"2300";"3325"; 
"1042";"0";"550";"2300";"3325"; 
"1043";"0";"950";"2300";"3325"; 
"1044";"0";"1350";"2300";"3325"; 
"1045";"0";"1750";"2300";"3325"; 
"1046";"0";"2150";"2300";"3325"; 
"1047";"0";"2550";"2300";"3325"; 
"1048";"0";"2950";"2300";"3325"; 
"1049";"0";"3350";"2300";"3325"; 
"1050";"0";"3750";"2300";"3325"; 
"1051";"0";"4150";"2300";"3325"; 
"1052";"0";"4550";"2300";"3325"; 
"1053";"0";"4950";"2300";"3325"; 
"1054";"0";"5350";"2300";"3325"; 
"1055";"0";"5750";"2300";"3325"; 
"1056";"0";"6150";"2300";"3325"; 
"1057";"0";"6550";"2300";"3325"; 
"1058";"0";"6950";"2300";"3325"; 
"1059";"0";"7350";"2300";"3325"; 
"1060";"0";"7750";"2300";"3325"; 
"1061";"0";"150";"3300";"3325"; 
"1062";"0";"550";"3300";"3325"; 
"1063";"0";"950";"3300";"3325"; 
"1064";"0";"1350";"3300";"3325"; 
"1065";"0";"1750";"3300";"3325"; 
"1066";"0";"2150";"3300";"3325"; 
"1067";"0";"2550";"3300";"3325"; 
"1068";"0";"2950";"3300";"3325"; 
"1069";"0";"3350";"3300";"3325"; 
"1070";"0";"3750";"3300";"3325"; 
"1071";"0";"4150";"3300";"3325"; 
"1072";"0";"4550";"3300";"3325"; 
"1073";"0";"4950";"3300";"3325"; 
"1074";"0";"5350";"3300";"3325"; 
"1075";"0";"5750";"3300";"3325"; 
"1076";"0";"6150";"3300";"3325"; 
"1077";"0";"6550";"3300";"3325"; 
"1078";"0";"6950";"3300";"3325"; 
"1079";"0";"7350";"3300";"3325"; 
"1080";"0";"7750";"3300";"3325"; 
"1081";"0";"150";"4200";"3325"; 
"1082";"0";"550";"4200";"3325"; 
"1083";"0";"950";"4200";"3325"; 
"1084";"0";"1350";"4200";"3325"; 
"1085";"0";"1750";"4200";"3325"; 
"1086";"0";"2150";"4200";"3325"; 
"1087";"0";"2550";"4200";"3325"; 
"1088";"0";"2950";"4200";"3325"; 
"1089";"0";"3350";"4200";"3325"; 
"1090";"0";"3750";"4200";"3325"; 
"1091";"0";"4150";"4200";"3325"; 
"1092";"0";"4550";"4200";"3325"; 
"1093";"0";"4950";"4200";"3325"; 
"1094";"0";"5350";"4200";"3325"; 
"1095";"0";"5750";"4200";"3325"; 
"1096";"0";"6150";"4200";"3325"; 
"1097";"0";"6550";"4200";"3325"; 
"1098";"0";"6950";"4200";"3325"; 
"1099";"0";"7350";"4200";"3325"; 
"1100";"0";"7750";"4200";"3325"; 
"1101";"0";"150";"5200";"3325"; 
"1102";"0";"550";"5200";"3325"; 
"1103";"0";"950";"5200";"3325"; 
"1104";"0";"1350";"5200";"3325"; 
"1105";"0";"1750";"5200";"3325"; 
"1106";"0";"2150";"5200";"3325"; 
"1107";"0";"2550";"5200";"3325"; 
"1108";"0";"2950";"5200";"3325"; 
"1109";"0";"3350";"5200";"3325"; 
"1110";"0";"3750";"5200";"3325"; 
"1111";"0";"4150";"5200";"3325"; 
"1112";"0";"4550";"5200";"3325"; 
"1113";"0";"4950";"5200";"3325"; 
"1114";"0";"5350";"5200";"3325"; 
"1115";"0";"5750";"5200";"3325"; 
"1116";"0";"6150";"5200";"3325"; 
"1117";"0";"6550";"5200";"3325"; 
"1118";"0";"6950";"5200";"3325"; 
"1119";"0";"7350";"5200";"3325"; 
"1120";"0";"7750";"5200";"3325"; 
"1121";"0";"150";"6100";"3325"; 
"1122";"0";"550";"6100";"3325"; 
"1123";"0";"950";"6100";"3325"; 
"1124";"0";"1350";"6100";"3325"; 
"1125";"0";"1750";"6100";"3325"; 
"1126";"0";"2150";"6100";"3325"; 
"1127";"0";"2550";"6100";"3325"; 
"1128";"0";"2950";"6100";"3325"; 
"1129";"0";"3350";"6100";"3325"; 
"1130";"0";"3750";"6100";"3325"; 
"1131";"0";"4150";"6100";"3325"; 
"1132";"0";"4550";"6100";"3325"; 
"1133";"0";"4950";"6100";"3325"; 
"1134";"0";"5350";"6100";"3325"; 
"1135";"0";"5750";"6100";"3325"; 
"1136";"0";"6150";"6100";"3325"; 
"1137";"0";"6550";"6100";"3325"; 
"1138";"0";"6950";"6100";"3325"; 
"1139";"0";"7350";"6100";"3325"; 
"1140";"0";"7750";"6100";"3325"; 
"1141";"0";"150";"7100";"3325"; 
"1142";"0";"550";"7100";"3325"; 
"1143";"0";"950";"7100";"3325"; 
"1144";"0";"1350";"7100";"3325"; 
"1145";"0";"1750";"7100";"3325"; 
"1146";"0";"2150";"7100";"3325"; 
"1147";"0";"2550";"7100";"3325"; 
"1148";"0";"2950";"7100";"3325"; 
"1149";"0";"3350";"7100";"3325"; 
"1150";"0";"3750";"7100";"3325"; 
"1151";"0";"4150";"7100";"3325"; 
"1152";"0";"4550";"7100";"3325"; 
"1153";"0";"4950";"7100";"3325"; 
"1154";"0";"5350";"7100";"3325"; 
"1155";"0";"5750";"7100";"3325"; 
"1156";"0";"6150";"7100";"3325"; 
"1157";"0";"6550";"7100";"3325"; 
"1158";"0";"6950";"7100";"3325"; 
"1159";"0";"7350";"7100";"3325"; 
"1160";"0";"7750";"7100";"3325"; 
"1161";"0";"150";"8000";"3325"; 
"1162";"0";"550";"8000";"3325"; 
"1163";"0";"950";"8000";"3325"; 
"1164";"0";"1350";"8000";"3325"; 
"1165";"0";"1750";"8000";"3325"; 
"1166";"0";"2150";"8000";"3325"; 
"1167";"0";"2550";"8000";"3325"; 
"1168";"0";"2950";"8000";"3325"; 
"1169";"0";"3350";"8000";"3325"; 
"1170";"0";"3750";"8000";"3325"; 
"1171";"0";"4150";"8000";"3325"; 
"1172";"0";"4550";"8000";"3325"; 
"1173";"0";"4950";"8000";"3325"; 
"1174";"0";"5350";"8000";"3325"; 
"1175";"0";"5750";"8000";"3325"; 
"1176";"0";"6150";"8000";"3325"; 
"1177";"0";"6550";"8000";"3325"; 
"1178";"0";"6950";"8000";"3325"; 
"1179";"0";"7350";"8000";"3325"; 
"1180";"0";"7750";"8000";"3325"; 
"1181";"0";"150";"9000";"3325"; 
"1182";"0";"550";"9000";"3325"; 
"1183";"0";"950";"9000";"3325"; 
"1184";"0";"1350";"9000";"3325"; 
"1185";"0";"1750";"9000";"3325"; 
"1186";"0";"2150";"9000";"3325"; 
"1187";"0";"2550";"9000";"3325"; 
"1188";"0";"2950";"9000";"3325"; 
"1189";"0";"3350";"9000";"3325"; 
"1190";"0";"3750";"9000";"3325"; 
"1191";"0";"4150";"9000";"3325"; 
"1192";"0";"4550";"9000";"3325"; 
"1193";"0";"4950";"9000";"3325"; 
"1194";"0";"5350";"9000";"3325"; 
"1195";"0";"5750";"9000";"3325"; 
"1196";"0";"6150";"9000";"3325"; 
"1197";"0";"6550";"9000";"3325"; 
"1198";"0";"6950";"9000";"3325"; 
"1199";"0";"7350";"9000";"3325"; 
"1200";"0";"7750";"9000";"3325"; 
"1201";"0";"150";"400";"3575"; 
"1202";"0";"550";"400";"3575"; 
"1203";"0";"950";"400";"3575"; 
"1204";"0";"1350";"400";"3575"; 
"1205";"0";"1750";"400";"3575"; 
"1206";"0";"2150";"400";"3575"; 
"1207";"0";"2550";"400";"3575"; 
"1208";"0";"2950";"400";"3575"; 
"1209";"0";"3350";"400";"3575"; 
"1210";"0";"3750";"400";"3575"; 
"1211";"0";"4150";"400";"3575"; 
"1212";"0";"4550";"400";"3575"; 
"1213";"0";"4950";"400";"3575"; 
"1214";"0";"5350";"400";"3575"; 
"1215";"0";"5750";"400";"3575"; 
"1216";"0";"6150";"400";"3575"; 
"1217";"0";"6550";"400";"3575"; 
"1218";"0";"6950";"400";"3575"; 
"1219";"0";"7350";"400";"3575"; 
"1220";"0";"7750";"400";"3575"; 
"1221";"0";"150";"1400";"3575"; 
"1222";"0";"550";"1400";"3575"; 
"1223";"0";"950";"1400";"3575"; 
"1224";"0";"1350";"1400";"3575"; 
"1225";"0";"1750";"1400";"3575"; 
"1226";"0";"2150";"1400";"3575"; 
"1227";"0";"2550";"1400";"3575"; 
"1228";"0";"2950";"1400";"3575"; 
"1229";"0";"3350";"1400";"3575"; 
"1230";"0";"3750";"1400";"3575"; 
"1231";"0";"4150";"1400";"3575"; 
"1232";"0";"4550";"1400";"3575"; 
"1233";"0";"4950";"1400";"3575"; 
"1234";"0";"5350";"1400";"3575"; 
"1235";"0";"5750";"1400";"3575"; 
"1236";"0";"6150";"1400";"3575"; 
"1237";"0";"6550";"1400";"3575"; 
"1238";"0";"6950";"1400";"3575"; 
"1239";"0";"7350";"1400";"3575"; 
"1240";"0";"7750";"1400";"3575"; 
"1241";"0";"150";"2300";"3575"; 
"1242";"0";"550";"2300";"3575"; 
"1243";"0";"950";"2300";"3575"; 
"1244";"0";"1350";"2300";"3575"; 
"1245";"0";"1750";"2300";"3575"; 
"1246";"0";"2150";"2300";"3575"; 
"1247";"0";"2550";"2300";"3575"; 
"1248";"0";"2950";"2300";"3575"; 
"1249";"0";"3350";"2300";"3575"; 
"1250";"0";"3750";"2300";"3575"; 
"1251";"0";"4150";"2300";"3575"; 
"1252";"0";"4550";"2300";"3575"; 
"1253";"0";"4950";"2300";"3575"; 
"1254";"0";"5350";"2300";"3575"; 
"1255";"0";"5750";"2300";"3575"; 
"1256";"0";"6150";"2300";"3575"; 
"1257";"0";"6550";"2300";"3575"; 
"1258";"0";"6950";"2300";"3575"; 
"1259";"0";"7350";"2300";"3575"; 
"1260";"0";"7750";"2300";"3575"; 
"1261";"0";"150";"3300";"3575"; 
"1262";"0";"550";"3300";"3575"; 
"1263";"0";"950";"3300";"3575"; 
"1264";"0";"1350";"3300";"3575"; 
"1265";"0";"1750";"3300";"3575"; 
"1266";"0";"2150";"3300";"3575"; 
"1267";"0";"2550";"3300";"3575"; 
"1268";"0";"2950";"3300";"3575"; 
"1269";"0";"3350";"3300";"3575"; 
"1270";"0";"3750";"3300";"3575"; 
"1271";"0";"4150";"3300";"3575"; 
"1272";"0";"4550";"3300";"3575"; 
"1273";"0";"4950";"3300";"3575"; 
"1274";"0";"5350";"3300";"3575"; 
"1275";"0";"5750";"3300";"3575"; 
"1276";"0";"6150";"3300";"3575"; 
"1277";"0";"6550";"3300";"3575"; 
"1278";"0";"6950";"3300";"3575"; 
"1279";"0";"7350";"3300";"3575"; 
"1280";"0";"7750";"3300";"3575"; 
"1281";"0";"150";"4200";"3575"; 
"1282";"0";"550";"4200";"3575"; 
"1283";"0";"950";"4200";"3575"; 
"1284";"0";"1350";"4200";"3575"; 
"1285";"0";"1750";"4200";"3575"; 
"1286";"0";"2150";"4200";"3575"; 
"1287";"0";"2550";"4200";"3575"; 
"1288";"0";"2950";"4200";"3575"; 
"1289";"0";"3350";"4200";"3575"; 
"1290";"0";"3750";"4200";"3575"; 
"1291";"0";"4150";"4200";"3575"; 
"1292";"0";"4550";"4200";"3575"; 
"1293";"0";"4950";"4200";"3575"; 
"1294";"0";"5350";"4200";"3575"; 
"1295";"0";"5750";"4200";"3575"; 
"1296";"0";"6150";"4200";"3575"; 
"1297";"0";"6550";"4200";"3575"; 
"1298";"0";"6950";"4200";"3575"; 
"1299";"0";"7350";"4200";"3575"; 
"1300";"0";"7750";"4200";"3575"; 
"1301";"0";"150";"5200";"3575"; 
"1302";"0";"550";"5200";"3575"; 
"1303";"0";"950";"5200";"3575"; 
"1304";"0";"1350";"5200";"3575"; 
"1305";"0";"1750";"5200";"3575"; 
"1306";"0";"2150";"5200";"3575"; 
"1307";"0";"2550";"5200";"3575"; 
"1308";"0";"2950";"5200";"3575"; 
"1309";"0";"3350";"5200";"3575"; 
"1310";"0";"3750";"5200";"3575"; 
"1311";"0";"4150";"5200";"3575"; 
"1312";"0";"4550";"5200";"3575"; 
"1313";"0";"4950";"5200";"3575"; 
"1314";"0";"5350";"5200";"3575"; 
"1315";"0";"5750";"5200";"3575"; 
"1316";"0";"6150";"5200";"3575"; 
"1317";"0";"6550";"5200";"3575"; 
"1318";"0";"6950";"5200";"3575"; 
"1319";"0";"7350";"5200";"3575"; 
"1320";"0";"7750";"5200";"3575"; 
"1321";"0";"150";"6100";"3575"; 
"1322";"0";"550";"6100";"3575"; 
"1323";"0";"950";"6100";"3575"; 
"1324";"0";"1350";"6100";"3575"; 
"1325";"0";"1750";"6100";"3575"; 
"1326";"0";"2150";"6100";"3575"; 
"1327";"0";"2550";"6100";"3575"; 
"1328";"0";"2950";"6100";"3575"; 
"1329";"0";"3350";"6100";"3575"; 
"1330";"0";"3750";"6100";"3575"; 
"1331";"0";"4150";"6100";"3575"; 
"1332";"0";"4550";"6100";"3575"; 
"1333";"0";"4950";"6100";"3575"; 
"1334";"0";"5350";"6100";"3575"; 
"1335";"0";"5750";"6100";"3575"; 
"1336";"0";"6150";"6100";"3575"; 
"1337";"0";"6550";"6100";"3575"; 
"1338";"0";"6950";"6100";"3575"; 
"1339";"0";"7350";"6100";"3575"; 
"1340";"0";"7750";"6100";"3575"; 
"1341";"0";"150";"7100";"3575"; 
"1342";"0";"550";"7100";"3575"; 
"1343";"0";"950";"7100";"3575"; 
"1344";"0";"1350";"7100";"3575"; 
"1345";"0";"1750";"7100";"3575"; 
"1346";"0";"2150";"7100";"3575"; 
"1347";"0";"2550";"7100";"3575"; 
"1348";"0";"2950";"7100";"3575"; 
"1349";"0";"3350";"7100";"3575"; 
"1350";"0";"3750";"7100";"3575"; 
"1351";"0";"4150";"7100";"3575"; 
"1352";"0";"4550";"7100";"3575"; 
"1353";"0";"4950";"7100";"3575"; 
"1354";"0";"5350";"7100";"3575"; 
"1355";"0";"5750";"7100";"3575"; 
"1356";"0";"6150";"7100";"3575"; 
"1357";"0";"6550";"7100";"3575"; 
"1358";"0";"6950";"7100";"3575"; 
"1359";"0";"7350";"7100";"3575"; 
"1360";"0";"7750";"7100";"3575"; 
"1361";"0";"150";"8000";"3575"; 
"1362";"0";"550";"8000";"3575"; 
"1363";"0";"950";"8000";"3575"; 
"1364";"0";"1350";"8000";"3575"; 
"1365";"0";"1750";"8000";"3575"; 
"1366";"0";"2150";"8000";"3575"; 
"1367";"0";"2550";"8000";"3575"; 
"1368";"0";"2950";"8000";"3575"; 
"1369";"0";"3350";"8000";"3575"; 
"1370";"0";"3750";"8000";"3575"; 
"1371";"0";"4150";"8000";"3575"; 
"1372";"0";"4550";"8000";"3575"; 
"1373";"0";"4950";"8000";"3575"; 
"1374";"0";"5350";"8000";"3575"; 
"1375";"0";"5750";"8000";"3575"; 
"1376";"0";"6150";"8000";"3575"; 
"1377";"0";"6550";"8000";"3575"; 
"1378";"0";"6950";"8000";"3575"; 
"1379";"0";"7350";"8000";"3575"; 
"1380";"0";"7750";"8000";"3575"; 
"1381";"0";"150";"9000";"3575"; 
"1382";"0";"550";"9000";"3575"; 
"1383";"0";"950";"9000";"3575"; 
"1384";"0";"1350";"9000";"3575"; 
"1385";"0";"1750";"9000";"3575"; 
"1386";"0";"2150";"9000";"3575"; 
"1387";"0";"2550";"9000";"3575"; 
"1388";"0";"2950";"9000";"3575"; 
"1389";"0";"3350";"9000";"3575"; 
"1390";"0";"3750";"9000";"3575"; 
"1391";"0";"4150";"9000";"3575"; 
"1392";"0";"4550";"9000";"3575"; 
"1393";"0";"4950";"9000";"3575"; 
"1394";"0";"5350";"9000";"3575"; 
"1395";"0";"5750";"9000";"3575"; 
"1396";"0";"6150";"9000";"3575"; 
"1397";"0";"6550";"9000";"3575"; 
"1398";"0";"6950";"9000";"3575"; 
"1399";"0";"7350";"9000";"3575"; 
"1400";"0";"7750";"9000";"3575"; 
"1401";"0";"150";"400";"3825"; 
"1402";"0";"550";"400";"3825"; 
"1403";"0";"950";"400";"3825"; 
"1404";"0";"1350";"400";"3825"; 
"1405";"0";"1750";"400";"3825"; 
"1406";"0";"2150";"400";"3825"; 
"1407";"0";"2550";"400";"3825"; 
"1408";"0";"2950";"400";"3825"; 
"1409";"0";"3350";"400";"3825"; 
"1410";"0";"3750";"400";"3825"; 
"1411";"0";"4150";"400";"3825"; 
"1412";"0";"4550";"400";"3825"; 
"1413";"0";"4950";"400";"3825"; 
"1414";"0";"5350";"400";"3825"; 
"1415";"0";"5750";"400";"3825"; 
"1416";"0";"6150";"400";"3825"; 
"1417";"0";"6550";"400";"3825"; 
"1418";"0";"6950";"400";"3825"; 
"1419";"0";"7350";"400";"3825"; 
"1420";"0";"7750";"400";"3825"; 
"1421";"0";"150";"1400";"3825"; 
"1422";"0";"550";"1400";"3825"; 
"1423";"0";"950";"1400";"3825"; 
"1424";"0";"1350";"1400";"3825"; 
"1425";"0";"1750";"1400";"3825"; 
"1426";"0";"2150";"1400";"3825"; 
"1427";"0";"2550";"1400";"3825"; 
"1428";"0";"2950";"1400";"3825"; 
"1429";"0";"3350";"1400";"3825"; 
"1430";"0";"3750";"1400";"3825"; 
"1431";"0";"4150";"1400";"3825"; 
"1432";"0";"4550";"1400";"3825"; 
"1433";"0";"4950";"1400";"3825"; 
"1434";"0";"5350";"1400";"3825"; 
"1435";"0";"5750";"1400";"3825"; 
"1436";"0";"6150";"1400";"3825"; 
"1437";"0";"6550";"1400";"3825"; 
"1438";"0";"6950";"1400";"3825"; 
"1439";"0";"7350";"1400";"3825"; 
"1440";"0";"7750";"1400";"3825"; 
"1441";"0";"150";"2300";"3825"; 
"1442";"0";"550";"2300";"3825"; 
"1443";"0";"950";"2300";"3825"; 
"1444";"0";"1350";"2300";"3825"; 
"1445";"0";"1750";"2300";"3825"; 
"1446";"0";"2150";"2300";"3825"; 
"1447";"0";"2550";"2300";"3825"; 
"1448";"0";"2950";"2300";"3825"; 
"1449";"0";"3350";"2300";"3825"; 
"1450";"0";"3750";"2300";"3825"; 
"1451";"0";"4150";"2300";"3825"; 
"1452";"0";"4550";"2300";"3825"; 
"1453";"0";"4950";"2300";"3825"; 
"1454";"0";"5350";"2300";"3825"; 
"1455";"0";"5750";"2300";"3825"; 
"1456";"0";"6150";"2300";"3825"; 
"1457";"0";"6550";"2300";"3825"; 
"1458";"0";"6950";"2300";"3825"; 
"1459";"0";"7350";"2300";"3825"; 
"1460";"0";"7750";"2300";"3825"; 
"1461";"0";"150";"3300";"3825"; 
"1462";"0";"550";"3300";"3825"; 
"1463";"0";"950";"3300";"3825"; 
"1464";"0";"1350";"3300";"3825"; 
"1465";"0";"1750";"3300";"3825"; 
"1466";"0";"2150";"3300";"3825"; 
"1467";"0";"2550";"3300";"3825"; 
"1468";"0";"2950";"3300";"3825"; 
"1469";"0";"3350";"3300";"3825"; 
"1470";"0";"3750";"3300";"3825"; 
"1471";"0";"4150";"3300";"3825"; 
"1472";"0";"4550";"3300";"3825"; 
"1473";"0";"4950";"3300";"3825"; 
"1474";"0";"5350";"3300";"3825"; 
"1475";"0";"5750";"3300";"3825"; 
"1476";"0";"6150";"3300";"3825"; 
"1477";"0";"6550";"3300";"3825"; 
"1478";"0";"6950";"3300";"3825"; 
"1479";"0";"7350";"3300";"3825"; 
"1480";"0";"7750";"3300";"3825"; 
"1481";"0";"150";"4200";"3825"; 
"1482";"0";"550";"4200";"3825"; 
"1483";"0";"950";"4200";"3825"; 
"1484";"0";"1350";"4200";"3825"; 
"1485";"0";"1750";"4200";"3825"; 
"1486";"0";"2150";"4200";"3825"; 
"1487";"0";"2550";"4200";"3825"; 
"1488";"0";"2950";"4200";"3825"; 
"1489";"0";"3350";"4200";"3825"; 
"1490";"0";"3750";"4200";"3825"; 
"1491";"0";"4150";"4200";"3825"; 
"1492";"0";"4550";"4200";"3825"; 
"1493";"0";"4950";"4200";"3825"; 
"1494";"0";"5350";"4200";"3825"; 
"1495";"0";"5750";"4200";"3825"; 
"1496";"0";"6150";"4200";"3825"; 
"1497";"0";"6550";"4200";"3825"; 
"1498";"0";"6950";"4200";"3825"; 
"1499";"0";"7350";"4200";"3825"; 
"1500";"0";"7750";"4200";"3825"; 
"1501";"0";"150";"5200";"3825"; 
"1502";"0";"550";"5200";"3825"; 
"1503";"0";"950";"5200";"3825"; 
"1504";"0";"1350";"5200";"3825"; 
"1505";"0";"1750";"5200";"3825"; 
"1506";"0";"2150";"5200";"3825"; 
"1507";"0";"2550";"5200";"3825"; 
"1508";"0";"2950";"5200";"3825"; 
"1509";"0";"3350";"5200";"3825"; 
"1510";"0";"3750";"5200";"3825"; 
"1511";"0";"4150";"5200";"3825"; 
"1512";"0";"4550";"5200";"3825"; 
"1513";"0";"4950";"5200";"3825"; 
"1514";"0";"5350";"5200";"3825"; 
"1515";"0";"5750";"5200";"3825"; 
"1516";"0";"6150";"5200";"3825"; 
"1517";"0";"6550";"5200";"3825"; 
"1518";"0";"6950";"5200";"3825"; 
"1519";"0";"7350";"5200";"3825"; 
"1520";"0";"7750";"5200";"3825"; 
"1521";"0";"150";"6100";"3825"; 
"1522";"0";"550";"6100";"3825"; 
"1523";"0";"950";"6100";"3825"; 
"1524";"0";"1350";"6100";"3825"; 
"1525";"0";"1750";"6100";"3825"; 
"1526";"0";"2150";"6100";"3825"; 
"1527";"0";"2550";"6100";"3825"; 
"1528";"0";"2950";"6100";"3825"; 
"1529";"0";"3350";"6100";"3825"; 
"1530";"0";"3750";"6100";"3825"; 
"1531";"0";"4150";"6100";"3825"; 
"1532";"0";"4550";"6100";"3825"; 
"1533";"0";"4950";"6100";"3825"; 
"1534";"0";"5350";"6100";"3825"; 
"1535";"0";"5750";"6100";"3825"; 
"1536";"0";"6150";"6100";"3825"; 
"1537";"0";"6550";"6100";"3825"; 
"1538";"0";"6950";"6100";"3825"; 
"1539";"0";"7350";"6100";"3825"; 
"1540";"0";"7750";"6100";"3825"; 
"1541";"0";"150";"7100";"3825"; 
"1542";"0";"550";"7100";"3825"; 
"1543";"0";"950";"7100";"3825"; 
"1544";"0";"1350";"7100";"3825"; 
"1545";"0";"1750";"7100";"3825"; 
"1546";"0";"2150";"7100";"3825"; 
"1547";"0";"2550";"7100";"3825"; 
"1548";"0";"2950";"7100";"3825"; 
"1549";"0";"3350";"7100";"3825"; 
"1550";"0";"3750";"7100";"3825"; 
"1551";"0";"4150";"7100";"3825"; 
"1552";"0";"4550";"7100";"3825"; 
"1553";"0";"4950";"7100";"3825"; 
"1554";"0";"5350";"7100";"3825"; 
"1555";"0";"5750";"7100";"3825"; 
"1556";"0";"6150";"7100";"3825"; 
"1557";"0";"6550";"7100";"3825"; 
"1558";"0";"6950";"7100";"3825"; 
"1559";"0";"7350";"7100";"3825"; 
"1560";"0";"7750";"7100";"3825"; 
"1561";"0";"150";"8000";"3825"; 
"1562";"0";"550";"8000";"3825"; 
"1563";"0";"950";"8000";"3825"; 
"1564";"0";"1350";"8000";"3825"; 
"1565";"0";"1750";"8000";"3825"; 
"1566";"0";"2150";"8000";"3825"; 
"1567";"0";"2550";"8000";"3825"; 
"1568";"0";"2950";"8000";"3825"; 
"1569";"0";"3350";"8000";"3825"; 
"1570";"0";"3750";"8000";"3825"; 
"1571";"0";"4150";"8000";"3825"; 
"1572";"0";"4550";"8000";"3825"; 
"1573";"0";"4950";"8000";"3825"; 
"1574";"0";"5350";"8000";"3825"; 
"1575";"0";"5750";"8000";"3825"; 
"1576";"0";"6150";"8000";"3825"; 
"1577";"0";"6550";"8000";"3825"; 
"1578";"0";"6950";"8000";"3825"; 
"1579";"0";"7350";"8000";"3825"; 
"1580";"0";"7750";"8000";"3825"; 
"1581";"0";"150";"9000";"3825"; 
"1582";"0";"550";"9000";"3825"; 
"1583";"0";"950";"9000";"3825"; 
"1584";"0";"1350";"9000";"3825"; 
"1585";"0";"1750";"9000";"3825"; 
"1586";"0";"2150";"9000";"3825"; 
"1587";"0";"2550";"9000";"3825"; 
"1588";"0";"2950";"9000";"3825"; 
"1589";"0";"3350";"9000";"3825"; 
"1590";"0";"3750";"9000";"3825"; 
"1591";"0";"4150";"9000";"3825"; 
"1592";"0";"4550";"9000";"3825"; 
"1593";"0";"4950";"9000";"3825"; 
"1594";"0";"5350";"9000";"3825"; 
"1595";"0";"5750";"9000";"3825"; 
"1596";"0";"6150";"9000";"3825"; 
"1597";"0";"6550";"9000";"3825"; 
"1598";"0";"6950";"9000";"3825"; 
"1599";"0";"7350";"9000";"3825"; 
"1600";"0";"7750";"9000";"3825"; 
"1601";"0";"150";"400";"4075"; 
"1602";"0";"550";"400";"4075"; 
"1603";"0";"950";"400";"4075"; 
"1604";"0";"1350";"400";"4075"; 
"1605";"0";"1750";"400";"4075"; 
"1606";"0";"2150";"400";"4075"; 
"1607";"0";"2550";"400";"4075"; 
"1608";"0";"2950";"400";"4075"; 
"1609";"0";"3350";"400";"4075"; 
"1610";"0";"3750";"400";"4075"; 
"1611";"0";"4150";"400";"4075"; 
"1612";"0";"4550";"400";"4075"; 
"1613";"0";"4950";"400";"4075"; 
"1614";"0";"5350";"400";"4075"; 
"1615";"0";"5750";"400";"4075"; 
"1616";"0";"6150";"400";"4075"; 
"1617";"0";"6550";"400";"4075"; 
"1618";"0";"6950";"400";"4075"; 
"1619";"0";"7350";"400";"4075"; 
"1620";"0";"7750";"400";"4075"; 
"1621";"0";"150";"1400";"4075"; 
"1622";"0";"550";"1400";"4075"; 
"1623";"0";"950";"1400";"4075"; 
"1624";"0";"1350";"1400";"4075"; 
"1625";"0";"1750";"1400";"4075"; 
"1626";"0";"2150";"1400";"4075"; 
"1627";"0";"2550";"1400";"4075"; 
"1628";"0";"2950";"1400";"4075"; 
"1629";"0";"3350";"1400";"4075"; 
"1630";"0";"3750";"1400";"4075"; 
"1631";"0";"4150";"1400";"4075"; 
"1632";"0";"4550";"1400";"4075"; 
"1633";"0";"4950";"1400";"4075"; 
"1634";"0";"5350";"1400";"4075"; 
"1635";"0";"5750";"1400";"4075"; 
"1636";"0";"6150";"1400";"4075"; 
"1637";"0";"6550";"1400";"4075"; 
"1638";"0";"6950";"1400";"4075"; 
"1639";"0";"7350";"1400";"4075"; 
"1640";"0";"7750";"1400";"4075"; 
"1641";"0";"150";"2300";"4075"; 
"1642";"0";"550";"2300";"4075"; 
"1643";"0";"950";"2300";"4075"; 
"1644";"0";"1350";"2300";"4075"; 
"1645";"0";"1750";"2300";"4075"; 
"1646";"0";"2150";"2300";"4075"; 
"1647";"0";"2550";"2300";"4075"; 
"1648";"0";"2950";"2300";"4075"; 
"1649";"0";"3350";"2300";"4075"; 
"1650";"0";"3750";"2300";"4075"; 
"1651";"0";"4150";"2300";"4075"; 
"1652";"0";"4550";"2300";"4075"; 
"1653";"0";"4950";"2300";"4075"; 
"1654";"0";"5350";"2300";"4075"; 
"1655";"0";"5750";"2300";"4075"; 
"1656";"0";"6150";"2300";"4075"; 
"1657";"0";"6550";"2300";"4075"; 
"1658";"0";"6950";"2300";"4075"; 
"1659";"0";"7350";"2300";"4075"; 
"1660";"0";"7750";"2300";"4075"; 
"1661";"0";"150";"3300";"4075"; 
"1662";"0";"550";"3300";"4075"; 
"1663";"0";"950";"3300";"4075"; 
"1664";"0";"1350";"3300";"4075"; 
"1665";"0";"1750";"3300";"4075"; 
"1666";"0";"2150";"3300";"4075"; 
"1667";"0";"2550";"3300";"4075"; 
"1668";"0";"2950";"3300";"4075"; 
"1669";"0";"3350";"3300";"4075"; 
"1670";"0";"3750";"3300";"4075"; 
"1671";"0";"4150";"3300";"4075"; 
"1672";"0";"4550";"3300";"4075"; 
"1673";"0";"4950";"3300";"4075"; 
"1674";"0";"5350";"3300";"4075"; 
"1675";"0";"5750";"3300";"4075"; 
"1676";"0";"6150";"3300";"4075"; 
"1677";"0";"6550";"3300";"4075"; 
"1678";"0";"6950";"3300";"4075"; 
"1679";"0";"7350";"3300";"4075"; 
"1680";"0";"7750";"3300";"4075"; 
"1681";"0";"150";"4200";"4075"; 
"1682";"0";"550";"4200";"4075"; 
"1683";"0";"950";"4200";"4075"; 
"1684";"0";"1350";"4200";"4075"; 
"1685";"0";"1750";"4200";"4075"; 
"1686";"0";"2150";"4200";"4075"; 
"1687";"0";"2550";"4200";"4075"; 
"1688";"0";"2950";"4200";"4075"; 
"1689";"0";"3350";"4200";"4075"; 
"1690";"0";"3750";"4200";"4075"; 
"1691";"0";"4150";"4200";"4075"; 
"1692";"0";"4550";"4200";"4075"; 
"1693";"0";"4950";"4200";"4075"; 
"1694";"0";"5350";"4200";"4075"; 
"1695";"0";"5750";"4200";"4075"; 
"1696";"0";"6150";"4200";"4075"; 
"1697";"0";"6550";"4200";"4075"; 
"1698";"0";"6950";"4200";"4075"; 
"1699";"0";"7350";"4200";"4075"; 
"1700";"0";"7750";"4200";"4075"; 
"1701";"0";"150";"5200";"4075"; 
"1702";"0";"550";"5200";"4075"; 
"1703";"0";"950";"5200";"4075"; 
"1704";"0";"1350";"5200";"4075"; 
"1705";"0";"1750";"5200";"4075"; 
"1706";"0";"2150";"5200";"4075"; 
"1707";"0";"2550";"5200";"4075"; 
"1708";"0";"2950";"5200";"4075"; 
"1709";"0";"3350";"5200";"4075"; 
"1710";"0";"3750";"5200";"4075"; 
"1711";"0";"4150";"5200";"4075"; 
"1712";"0";"4550";"5200";"4075"; 
"1713";"0";"4950";"5200";"4075"; 
"1714";"0";"5350";"5200";"4075"; 
"1715";"0";"5750";"5200";"4075"; 
"1716";"0";"6150";"5200";"4075"; 
"1717";"0";"6550";"5200";"4075"; 
"1718";"0";"6950";"5200";"4075"; 
"1719";"0";"7350";"5200";"4075"; 
"1720";"0";"7750";"5200";"4075"; 
"1721";"0";"150";"6100";"4075"; 
"1722";"0";"550";"6100";"4075"; 
"1723";"0";"950";"6100";"4075"; 
"1724";"0";"1350";"6100";"4075"; 
"1725";"0";"1750";"6100";"4075"; 
"1726";"0";"2150";"6100";"4075"; 
"1727";"0";"2550";"6100";"4075"; 
"1728";"0";"2950";"6100";"4075"; 
"1729";"0";"3350";"6100";"4075"; 
"1730";"0";"3750";"6100";"4075"; 
"1731";"0";"4150";"6100";"4075"; 
"1732";"0";"4550";"6100";"4075"; 
"1733";"0";"4950";"6100";"4075"; 
"1734";"0";"5350";"6100";"4075"; 
"1735";"0";"5750";"6100";"4075"; 
"1736";"0";"6150";"6100";"4075"; 
"1737";"0";"6550";"6100";"4075"; 
"1738";"0";"6950";"6100";"4075"; 
"1739";"0";"7350";"6100";"4075"; 
"1740";"0";"7750";"6100";"4075"; 
"1741";"0";"150";"7100";"4075"; 
"1742";"0";"550";"7100";"4075"; 
"1743";"0";"950";"7100";"4075"; 
"1744";"0";"1350";"7100";"4075"; 
"1745";"0";"1750";"7100";"4075"; 
"1746";"0";"2150";"7100";"4075"; 
"1747";"0";"2550";"7100";"4075"; 
"1748";"0";"2950";"7100";"4075"; 
"1749";"0";"3350";"7100";"4075"; 
"1750";"0";"3750";"7100";"4075"; 
"1751";"0";"4150";"7100";"4075"; 
"1752";"0";"4550";"7100";"4075"; 
"1753";"0";"4950";"7100";"4075"; 
"1754";"0";"5350";"7100";"4075"; 
"1755";"0";"5750";"7100";"4075"; 
"1756";"0";"6150";"7100";"4075"; 
"1757";"0";"6550";"7100";"4075"; 
"1758";"0";"6950";"7100";"4075"; 
"1759";"0";"7350";"7100";"4075"; 
"1760";"0";"7750";"7100";"4075"; 
"1761";"0";"150";"8000";"4075"; 
"1762";"0";"550";"8000";"4075"; 
"1763";"0";"950";"8000";"4075"; 
"1764";"0";"1350";"8000";"4075"; 
"1765";"0";"1750";"8000";"4075"; 
"1766";"0";"2150";"8000";"4075"; 
"1767";"0";"2550";"8000";"4075"; 
"1768";"0";"2950";"8000";"4075"; 
"1769";"0";"3350";"8000";"4075"; 
"1770";"0";"3750";"8000";"4075"; 
"1771";"0";"4150";"8000";"4075"; 
"1772";"0";"4550";"8000";"4075"; 
"1773";"0";"4950";"8000";"4075"; 
"1774";"0";"5350";"8000";"4075"; 
"1775";"0";"5750";"8000";"4075"; 
"1776";"0";"6150";"8000";"4075"; 
"1777";"0";"6550";"8000";"4075"; 
"1778";"0";"6950";"8000";"4075"; 
"1779";"0";"7350";"8000";"4075"; 
"1780";"0";"7750";"8000";"4075"; 
"1781";"0";"150";"9000";"4075"; 
"1782";"0";"550";"9000";"4075"; 
"1783";"0";"950";"9000";"4075"; 
"1784";"0";"1350";"9000";"4075"; 
"1785";"0";"1750";"9000";"4075"; 
"1786";"0";"2150";"9000";"4075"; 
"1787";"0";"2550";"9000";"4075"; 
"1788";"0";"2950";"9000";"4075"; 
"1789";"0";"3350";"9000";"4075"; 
"1790";"0";"3750";"9000";"4075"; 
"1791";"0";"4150";"9000";"4075"; 
"1792";"0";"4550";"9000";"4075"; 
"1793";"0";"4950";"9000";"4075"; 
"1794";"0";"5350";"9000";"4075"; 
"1795";"0";"5750";"9000";"4075"; 
"1796";"0";"6150";"9000";"4075"; 
"1797";"0";"6550";"9000";"4075"; 
"1798";"0";"6950";"9000";"4075"; 
"1799";"0";"7350";"9000";"4075"; 
"1800";"0";"7750";"9000";"4075"; 
"1801";"0";"150";"400";"4325"; 
"1802";"0";"550";"400";"4325"; 
"1803";"0";"950";"400";"4325"; 
"1804";"0";"1350";"400";"4325"; 
"1805";"0";"1750";"400";"4325"; 
"1806";"0";"2150";"400";"4325"; 
"1807";"0";"2550";"400";"4325"; 
"1808";"0";"2950";"400";"4325"; 
"1809";"0";"3350";"400";"4325"; 
"1810";"0";"3750";"400";"4325"; 
"1811";"0";"4150";"400";"4325"; 
"1812";"0";"4550";"400";"4325"; 
"1813";"0";"4950";"400";"4325"; 
"1814";"0";"5350";"400";"4325"; 
"1815";"0";"5750";"400";"4325"; 
"1816";"0";"6150";"400";"4325"; 
"1817";"0";"6550";"400";"4325"; 
"1818";"0";"6950";"400";"4325"; 
"1819";"0";"7350";"400";"4325"; 
"1820";"0";"7750";"400";"4325"; 
"1821";"0";"150";"1400";"4325"; 
"1822";"0";"550";"1400";"4325"; 
"1823";"0";"950";"1400";"4325"; 
"1824";"0";"1350";"1400";"4325"; 
"1825";"0";"1750";"1400";"4325"; 
"1826";"0";"2150";"1400";"4325"; 
"1827";"0";"2550";"1400";"4325"; 
"1828";"0";"2950";"1400";"4325"; 
"1829";"0";"3350";"1400";"4325"; 
"1830";"0";"3750";"1400";"4325"; 
"1831";"0";"4150";"1400";"4325"; 
"1832";"0";"4550";"1400";"4325"; 
"1833";"0";"4950";"1400";"4325"; 
"1834";"0";"5350";"1400";"4325"; 
"1835";"0";"5750";"1400";"4325"; 
"1836";"0";"6150";"1400";"4325"; 
"1837";"0";"6550";"1400";"4325"; 
"1838";"0";"6950";"1400";"4325"; 
"1839";"0";"7350";"1400";"4325"; 
"1840";"0";"7750";"1400";"4325"; 
"1841";"0";"150";"2300";"4325"; 
"1842";"0";"550";"2300";"4325"; 
"1843";"0";"950";"2300";"4325"; 
"1844";"0";"1350";"2300";"4325"; 
"1845";"0";"1750";"2300";"4325"; 
"1846";"0";"2150";"2300";"4325"; 
"1847";"0";"2550";"2300";"4325"; 
"1848";"0";"2950";"2300";"4325"; 
"1849";"0";"3350";"2300";"4325"; 
"1850";"0";"3750";"2300";"4325"; 
"1851";"0";"4150";"2300";"4325"; 
"1852";"0";"4550";"2300";"4325"; 
"1853";"0";"4950";"2300";"4325"; 
"1854";"0";"5350";"2300";"4325"; 
"1855";"0";"5750";"2300";"4325"; 
"1856";"0";"6150";"2300";"4325"; 
"1857";"0";"6550";"2300";"4325"; 
"1858";"0";"6950";"2300";"4325"; 
"1859";"0";"7350";"2300";"4325"; 
"1860";"0";"7750";"2300";"4325"; 
"1861";"0";"150";"3300";"4325"; 
"1862";"0";"550";"3300";"4325"; 
"1863";"0";"950";"3300";"4325"; 
"1864";"0";"1350";"3300";"4325"; 
"1865";"0";"1750";"3300";"4325"; 
"1866";"0";"2150";"3300";"4325"; 
"1867";"0";"2550";"3300";"4325"; 
"1868";"0";"2950";"3300";"4325"; 
"1869";"0";"3350";"3300";"4325"; 
"1870";"0";"3750";"3300";"4325"; 
"1871";"0";"4150";"3300";"4325"; 
"1872";"0";"4550";"3300";"4325"; 
"1873";"0";"4950";"3300";"4325"; 
"1874";"0";"5350";"3300";"4325"; 
"1875";"0";"5750";"3300";"4325"; 
"1876";"0";"6150";"3300";"4325"; 
"1877";"0";"6550";"3300";"4325"; 
"1878";"0";"6950";"3300";"4325"; 
"1879";"0";"7350";"3300";"4325"; 
"1880";"0";"7750";"3300";"4325"; 
"1881";"0";"150";"4200";"4325"; 
"1882";"0";"550";"4200";"4325"; 
"1883";"0";"950";"4200";"4325"; 
"1884";"0";"1350";"4200";"4325"; 
"1885";"0";"1750";"4200";"4325"; 
"1886";"0";"2150";"4200";"4325"; 
"1887";"0";"2550";"4200";"4325"; 
"1888";"0";"2950";"4200";"4325"; 
"1889";"0";"3350";"4200";"4325"; 
"1890";"0";"3750";"4200";"4325"; 
"1891";"0";"4150";"4200";"4325"; 
"1892";"0";"4550";"4200";"4325"; 
"1893";"0";"4950";"4200";"4325"; 
"1894";"0";"5350";"4200";"4325"; 
"1895";"0";"5750";"4200";"4325"; 
"1896";"0";"6150";"4200";"4325"; 
"1897";"0";"6550";"4200";"4325"; 
"1898";"0";"6950";"4200";"4325"; 
"1899";"0";"7350";"4200";"4325"; 
"1900";"0";"7750";"4200";"4325"; 
"1901";"0";"150";"5200";"4325"; 
"1902";"0";"550";"5200";"4325"; 
"1903";"0";"950";"5200";"4325"; 
"1904";"0";"1350";"5200";"4325"; 
"1905";"0";"1750";"5200";"4325"; 
"1906";"0";"2150";"5200";"4325"; 
"1907";"0";"2550";"5200";"4325"; 
"1908";"0";"2950";"5200";"4325"; 
"1909";"0";"3350";"5200";"4325"; 
"1910";"0";"3750";"5200";"4325"; 
"1911";"0";"4150";"5200";"4325"; 
"1912";"0";"4550";"5200";"4325"; 
"1913";"0";"4950";"5200";"4325"; 
"1914";"0";"5350";"5200";"4325"; 
"1915";"0";"5750";"5200";"4325"; 
"1916";"0";"6150";"5200";"4325"; 
"1917";"0";"6550";"5200";"4325"; 
"1918";"0";"6950";"5200";"4325"; 
"1919";"0";"7350";"5200";"4325"; 
"1920";"0";"7750";"5200";"4325"; 
"1921";"0";"150";"6100";"4325"; 
"1922";"0";"550";"6100";"4325"; 
"1923";"0";"950";"6100";"4325"; 
"1924";"0";"1350";"6100";"4325"; 
"1925";"0";"1750";"6100";"4325"; 
"1926";"0";"2150";"6100";"4325"; 
"1927";"0";"2550";"6100";"4325"; 
"1928";"0";"2950";"6100";"4325"; 
"1929";"0";"3350";"6100";"4325"; 
"1930";"0";"3750";"6100";"4325"; 
"1931";"0";"4150";"6100";"4325"; 
"1932";"0";"4550";"6100";"4325"; 
"1933";"0";"4950";"6100";"4325"; 
"1934";"0";"5350";"6100";"4325"; 
"1935";"0";"5750";"6100";"4325"; 
"1936";"0";"6150";"6100";"4325"; 
"1937";"0";"6550";"6100";"4325"; 
"1938";"0";"6950";"6100";"4325"; 
"1939";"0";"7350";"6100";"4325"; 
"1940";"0";"7750";"6100";"4325"; 
"1941";"0";"150";"7100";"4325"; 
"1942";"0";"550";"7100";"4325"; 
"1943";"0";"950";"7100";"4325"; 
"1944";"0";"1350";"7100";"4325"; 
"1945";"0";"1750";"7100";"4325"; 
"1946";"0";"2150";"7100";"4325"; 
"1947";"0";"2550";"7100";"4325"; 
"1948";"0";"2950";"7100";"4325"; 
"1949";"0";"3350";"7100";"4325"; 
"1950";"0";"3750";"7100";"4325"; 
"1951";"0";"4150";"7100";"4325"; 
"1952";"0";"4550";"7100";"4325"; 
"1953";"0";"4950";"7100";"4325"; 
"1954";"0";"5350";"7100";"4325"; 
"1955";"0";"5750";"7100";"4325"; 
"1956";"0";"6150";"7100";"4325"; 
"1957";"0";"6550";"7100";"4325"; 
"1958";"0";"6950";"7100";"4325"; 
"1959";"0";"7350";"7100";"4325"; 
"1960";"0";"7750";"7100";"4325"; 
"1961";"0";"150";"8000";"4325"; 
"1962";"0";"550";"8000";"4325"; 
"1963";"0";"950";"8000";"4325"; 
"1964";"0";"1350";"8000";"4325"; 
"1965";"0";"1750";"8000";"4325"; 
"1966";"0";"2150";"8000";"4325"; 
"1967";"0";"2550";"8000";"4325"; 
"1968";"0";"2950";"8000";"4325"; 
"1969";"0";"3350";"8000";"4325"; 
"1970";"0";"3750";"8000";"4325"; 
"1971";"0";"4150";"8000";"4325"; 
"1972";"0";"4550";"8000";"4325"; 
"1973";"0";"4950";"8000";"4325"; 
"1974";"0";"5350";"8000";"4325"; 
"1975";"0";"5750";"8000";"4325"; 
"1976";"0";"6150";"8000";"4325"; 
"1977";"0";"6550";"8000";"4325"; 
"1978";"0";"6950";"8000";"4325"; 
"1979";"0";"7350";"8000";"4325"; 
"1980";"0";"7750";"8000";"4325"; 
"1981";"0";"150";"9000";"4325"; 
"1982";"0";"550";"9000";"4325"; 
"1983";"0";"950";"9000";"4325"; 
"1984";"0";"1350";"9000";"4325"; 
"1985";"0";"1750";"9000";"4325"; 
"1986";"0";"2150";"9000";"4325"; 
"1987";"0";"2550";"9000";"4325"; 
"1988";"0";"2950";"9000";"4325"; 
"1989";"0";"3350";"9000";"4325"; 
"1990";"0";"3750";"9000";"4325"; 
"1991";"0";"4150";"9000";"4325"; 
"1992";"0";"4550";"9000";"4325"; 
"1993";"0";"4950";"9000";"4325"; 
"1994";"0";"5350";"9000";"4325"; 
"1995";"0";"5750";"9000";"4325"; 
"1996";"0";"6150";"9000";"4325"; 
"1997";"0";"6550";"9000";"4325"; 
"1998";"0";"6950";"9000";"4325"; 
"1999";"0";"7350";"9000";"4325"; 
"2000";"0";"7750";"9000";"4325"; 
